image_id,path
100_0_0_20170112213500903.jpg.chip.jpg,data/aligned_clean/100_0_0_20170112213500903.jpg.chip.jpg
100_0_0_20170112215240346.jpg.chip.jpg,data/aligned_clean/100_0_0_20170112215240346.jpg.chip.jpg
100_1_0_20170112213001988.jpg.chip.jpg,data/aligned_clean/100_1_0_20170112213001988.jpg.chip.jpg
100_1_0_20170112213303693.jpg.chip.jpg,data/aligned_clean/100_1_0_20170112213303693.jpg.chip.jpg
100_1_2_20170112222336458.jpg.chip.jpg,data/aligned_clean/100_1_2_20170112222336458.jpg.chip.jpg
101_0_0_20170112213500903.jpg.chip.jpg,data/aligned_clean/101_0_0_20170112213500903.jpg.chip.jpg
103_0_2_20170112213001988.jpg.chip.jpg,data/aligned_clean/103_0_2_20170112213001988.jpg.chip.jpg
105_0_0_20170112213001988.jpg.chip.jpg,data/aligned_clean/105_0_0_20170112213001988.jpg.chip.jpg
105_1_1_20170112213303693.jpg.chip.jpg,data/aligned_clean/105_1_1_20170112213303693.jpg.chip.jpg
110_0_0_20170112213500903.jpg.chip.jpg,data/aligned_clean/110_0_0_20170112213500903.jpg.chip.jpg
110_0_2_20170112223734562.jpg.chip.jpg,data/aligned_clean/110_0_2_20170112223734562.jpg.chip.jpg
110_1_0_20170120134701015.jpg.chip.jpg,data/aligned_clean/110_1_0_20170120134701015.jpg.chip.jpg
116_1_0_20170112213001988.jpg.chip.jpg,data/aligned_clean/116_1_0_20170112213001988.jpg.chip.jpg
116_1_2_20170112220255503.jpg.chip.jpg,data/aligned_clean/116_1_2_20170112220255503.jpg.chip.jpg
116_1_3_20170120134744096.jpg.chip.jpg,data/aligned_clean/116_1_3_20170120134744096.jpg.chip.jpg
60_0_0_20170104184751214.jpg.chip.jpg,data/aligned_clean/60_0_0_20170104184751214.jpg.chip.jpg
60_0_0_20170105173244278.jpg.chip.jpg,data/aligned_clean/60_0_0_20170105173244278.jpg.chip.jpg
60_0_0_20170111171747549.jpg.chip.jpg,data/aligned_clean/60_0_0_20170111171747549.jpg.chip.jpg
60_0_0_20170111171747553.jpg.chip.jpg,data/aligned_clean/60_0_0_20170111171747553.jpg.chip.jpg
60_0_0_20170111171747558.jpg.chip.jpg,data/aligned_clean/60_0_0_20170111171747558.jpg.chip.jpg
60_0_0_20170111201520536.jpg.chip.jpg,data/aligned_clean/60_0_0_20170111201520536.jpg.chip.jpg
60_0_0_20170111205244694.jpg.chip.jpg,data/aligned_clean/60_0_0_20170111205244694.jpg.chip.jpg
60_0_0_20170111205328800.jpg.chip.jpg,data/aligned_clean/60_0_0_20170111205328800.jpg.chip.jpg
60_0_1_20170113152726713.jpg.chip.jpg,data/aligned_clean/60_0_1_20170113152726713.jpg.chip.jpg
60_0_3_20170119205739654.jpg.chip.jpg,data/aligned_clean/60_0_3_20170119205739654.jpg.chip.jpg
60_0_3_20170119205949319.jpg.chip.jpg,data/aligned_clean/60_0_3_20170119205949319.jpg.chip.jpg
60_1_0_20170110122932443.jpg.chip.jpg,data/aligned_clean/60_1_0_20170110122932443.jpg.chip.jpg
60_1_0_20170110123131564.jpg.chip.jpg,data/aligned_clean/60_1_0_20170110123131564.jpg.chip.jpg
60_1_0_20170110131859302.jpg.chip.jpg,data/aligned_clean/60_1_0_20170110131859302.jpg.chip.jpg
60_1_0_20170110135918382.jpg.chip.jpg,data/aligned_clean/60_1_0_20170110135918382.jpg.chip.jpg
60_1_0_20170110140645753.jpg.chip.jpg,data/aligned_clean/60_1_0_20170110140645753.jpg.chip.jpg
60_1_0_20170110140725969.jpg.chip.jpg,data/aligned_clean/60_1_0_20170110140725969.jpg.chip.jpg
60_1_0_20170110140829202.jpg.chip.jpg,data/aligned_clean/60_1_0_20170110140829202.jpg.chip.jpg
60_1_0_20170110140849306.jpg.chip.jpg,data/aligned_clean/60_1_0_20170110140849306.jpg.chip.jpg
60_1_0_20170110140900329.jpg.chip.jpg,data/aligned_clean/60_1_0_20170110140900329.jpg.chip.jpg
60_1_0_20170110141334072.jpg.chip.jpg,data/aligned_clean/60_1_0_20170110141334072.jpg.chip.jpg
60_1_0_20170110141405608.jpg.chip.jpg,data/aligned_clean/60_1_0_20170110141405608.jpg.chip.jpg
60_1_0_20170110141408280.jpg.chip.jpg,data/aligned_clean/60_1_0_20170110141408280.jpg.chip.jpg
60_1_0_20170110141610416.jpg.chip.jpg,data/aligned_clean/60_1_0_20170110141610416.jpg.chip.jpg
60_1_0_20170110141826799.jpg.chip.jpg,data/aligned_clean/60_1_0_20170110141826799.jpg.chip.jpg
60_1_0_20170110143449132.jpg.chip.jpg,data/aligned_clean/60_1_0_20170110143449132.jpg.chip.jpg
60_1_0_20170110152225746.jpg.chip.jpg,data/aligned_clean/60_1_0_20170110152225746.jpg.chip.jpg
60_1_0_20170110153435061.jpg.chip.jpg,data/aligned_clean/60_1_0_20170110153435061.jpg.chip.jpg
60_1_0_20170110154325940.jpg.chip.jpg,data/aligned_clean/60_1_0_20170110154325940.jpg.chip.jpg
60_1_0_20170110154613614.jpg.chip.jpg,data/aligned_clean/60_1_0_20170110154613614.jpg.chip.jpg
60_1_0_20170110160643704.jpg.chip.jpg,data/aligned_clean/60_1_0_20170110160643704.jpg.chip.jpg
60_1_0_20170110160643720.jpg.chip.jpg,data/aligned_clean/60_1_0_20170110160643720.jpg.chip.jpg
60_1_1_20170110120140583.jpg.chip.jpg,data/aligned_clean/60_1_1_20170110120140583.jpg.chip.jpg
60_1_1_20170120223635158.jpg.chip.jpg,data/aligned_clean/60_1_1_20170120223635158.jpg.chip.jpg
61_0_0_20170111171747571.jpg.chip.jpg,data/aligned_clean/61_0_0_20170111171747571.jpg.chip.jpg
61_0_0_20170111171747577.jpg.chip.jpg,data/aligned_clean/61_0_0_20170111171747577.jpg.chip.jpg
61_0_0_20170113185456409.jpg.chip.jpg,data/aligned_clean/61_0_0_20170113185456409.jpg.chip.jpg
61_0_1_20170117194623461.jpg.chip.jpg,data/aligned_clean/61_0_1_20170117194623461.jpg.chip.jpg
61_0_2_20170111203805430.jpg.chip.jpg,data/aligned_clean/61_0_2_20170111203805430.jpg.chip.jpg
61_0_3_20170109131758363.jpg.chip.jpg,data/aligned_clean/61_0_3_20170109131758363.jpg.chip.jpg
61_1_0_20170110122324992.jpg.chip.jpg,data/aligned_clean/61_1_0_20170110122324992.jpg.chip.jpg
61_1_0_20170110160643735.jpg.chip.jpg,data/aligned_clean/61_1_0_20170110160643735.jpg.chip.jpg
61_1_0_20170110173800240.jpg.chip.jpg,data/aligned_clean/61_1_0_20170110173800240.jpg.chip.jpg
61_1_0_20170110181725541.jpg.chip.jpg,data/aligned_clean/61_1_0_20170110181725541.jpg.chip.jpg
62_0_0_20170111171747588.jpg.chip.jpg,data/aligned_clean/62_0_0_20170111171747588.jpg.chip.jpg
62_0_0_20170111171747595.jpg.chip.jpg,data/aligned_clean/62_0_0_20170111171747595.jpg.chip.jpg
62_0_0_20170111200849717.jpg.chip.jpg,data/aligned_clean/62_0_0_20170111200849717.jpg.chip.jpg
62_0_0_20170111205142071.jpg.chip.jpg,data/aligned_clean/62_0_0_20170111205142071.jpg.chip.jpg
62_0_0_20170111205342810.jpg.chip.jpg,data/aligned_clean/62_0_0_20170111205342810.jpg.chip.jpg
62_0_0_20170111210035323.jpg.chip.jpg,data/aligned_clean/62_0_0_20170111210035323.jpg.chip.jpg
62_0_0_20170111210530412.jpg.chip.jpg,data/aligned_clean/62_0_0_20170111210530412.jpg.chip.jpg
62_0_0_20170111222711250.jpg.chip.jpg,data/aligned_clean/62_0_0_20170111222711250.jpg.chip.jpg
62_0_0_20170120224648431.jpg.chip.jpg,data/aligned_clean/62_0_0_20170120224648431.jpg.chip.jpg
62_0_1_20170113184846159.jpg.chip.jpg,data/aligned_clean/62_0_1_20170113184846159.jpg.chip.jpg
62_0_3_20170111204125673.jpg.chip.jpg,data/aligned_clean/62_0_3_20170111204125673.jpg.chip.jpg
62_1_0_20170110140759145.jpg.chip.jpg,data/aligned_clean/62_1_0_20170110140759145.jpg.chip.jpg
62_1_0_20170110141021529.jpg.chip.jpg,data/aligned_clean/62_1_0_20170110141021529.jpg.chip.jpg
62_1_0_20170110141039449.jpg.chip.jpg,data/aligned_clean/62_1_0_20170110141039449.jpg.chip.jpg
62_1_0_20170110160643829.jpg.chip.jpg,data/aligned_clean/62_1_0_20170110160643829.jpg.chip.jpg
62_1_0_20170110173810498.jpg.chip.jpg,data/aligned_clean/62_1_0_20170110173810498.jpg.chip.jpg
62_1_0_20170110175644800.jpg.chip.jpg,data/aligned_clean/62_1_0_20170110175644800.jpg.chip.jpg
62_1_2_20170105174732894.jpg.chip.jpg,data/aligned_clean/62_1_2_20170105174732894.jpg.chip.jpg
63_0_0_20170102233622267.jpg.chip.jpg,data/aligned_clean/63_0_0_20170102233622267.jpg.chip.jpg
63_0_0_20170105180938823.jpg.chip.jpg,data/aligned_clean/63_0_0_20170105180938823.jpg.chip.jpg
63_0_0_20170111195517664.jpg.chip.jpg,data/aligned_clean/63_0_0_20170111195517664.jpg.chip.jpg
63_0_0_20170117195020915.jpg.chip.jpg,data/aligned_clean/63_0_0_20170117195020915.jpg.chip.jpg
63_0_0_20170117195024577.jpg.chip.jpg,data/aligned_clean/63_0_0_20170117195024577.jpg.chip.jpg
63_0_0_20170117195107740.jpg.chip.jpg,data/aligned_clean/63_0_0_20170117195107740.jpg.chip.jpg
63_0_1_20170111170153874.jpg.chip.jpg,data/aligned_clean/63_0_1_20170111170153874.jpg.chip.jpg
63_0_1_20170117194925787.jpg.chip.jpg,data/aligned_clean/63_0_1_20170117194925787.jpg.chip.jpg
63_0_1_20170117194942794.jpg.chip.jpg,data/aligned_clean/63_0_1_20170117194942794.jpg.chip.jpg
63_0_4_20170117175627092.jpg.chip.jpg,data/aligned_clean/63_0_4_20170117175627092.jpg.chip.jpg
63_1_0_20170110160643845.jpg.chip.jpg,data/aligned_clean/63_1_0_20170110160643845.jpg.chip.jpg
63_1_0_20170110160643860.jpg.chip.jpg,data/aligned_clean/63_1_0_20170110160643860.jpg.chip.jpg
63_1_1_20170110120101291.jpg.chip.jpg,data/aligned_clean/63_1_1_20170110120101291.jpg.chip.jpg
64_0_0_20170120224704201.jpg.chip.jpg,data/aligned_clean/64_0_0_20170120224704201.jpg.chip.jpg
64_0_2_20170116193425715.jpg.chip.jpg,data/aligned_clean/64_0_2_20170116193425715.jpg.chip.jpg
64_1_0_20170110131514547.jpg.chip.jpg,data/aligned_clean/64_1_0_20170110131514547.jpg.chip.jpg
64_1_0_20170110131951168.jpg.chip.jpg,data/aligned_clean/64_1_0_20170110131951168.jpg.chip.jpg
64_1_0_20170110132112143.jpg.chip.jpg,data/aligned_clean/64_1_0_20170110132112143.jpg.chip.jpg
64_1_0_20170110140833569.jpg.chip.jpg,data/aligned_clean/64_1_0_20170110140833569.jpg.chip.jpg
64_1_0_20170110141132057.jpg.chip.jpg,data/aligned_clean/64_1_0_20170110141132057.jpg.chip.jpg
64_1_0_20170110160643876.jpg.chip.jpg,data/aligned_clean/64_1_0_20170110160643876.jpg.chip.jpg
64_1_0_20170110160643892.jpg.chip.jpg,data/aligned_clean/64_1_0_20170110160643892.jpg.chip.jpg
64_1_0_20170110182136419.jpg.chip.jpg,data/aligned_clean/64_1_0_20170110182136419.jpg.chip.jpg
65_0_0_20170111171747635.jpg.chip.jpg,data/aligned_clean/65_0_0_20170111171747635.jpg.chip.jpg
65_0_0_20170111195430569.jpg.chip.jpg,data/aligned_clean/65_0_0_20170111195430569.jpg.chip.jpg
65_0_0_20170111200641250.jpg.chip.jpg,data/aligned_clean/65_0_0_20170111200641250.jpg.chip.jpg
65_0_0_20170111201953344.jpg.chip.jpg,data/aligned_clean/65_0_0_20170111201953344.jpg.chip.jpg
65_0_0_20170111202238826.jpg.chip.jpg,data/aligned_clean/65_0_0_20170111202238826.jpg.chip.jpg
65_0_0_20170111203752191.jpg.chip.jpg,data/aligned_clean/65_0_0_20170111203752191.jpg.chip.jpg
65_0_0_20170111204015410.jpg.chip.jpg,data/aligned_clean/65_0_0_20170111204015410.jpg.chip.jpg
65_0_0_20170111204905982.jpg.chip.jpg,data/aligned_clean/65_0_0_20170111204905982.jpg.chip.jpg
65_0_0_20170111205148232.jpg.chip.jpg,data/aligned_clean/65_0_0_20170111205148232.jpg.chip.jpg
65_0_0_20170111210002336.jpg.chip.jpg,data/aligned_clean/65_0_0_20170111210002336.jpg.chip.jpg
65_0_0_20170111210851993.jpg.chip.jpg,data/aligned_clean/65_0_0_20170111210851993.jpg.chip.jpg
65_0_0_20170111211445229.jpg.chip.jpg,data/aligned_clean/65_0_0_20170111211445229.jpg.chip.jpg
65_0_0_20170117171054325.jpg.chip.jpg,data/aligned_clean/65_0_0_20170117171054325.jpg.chip.jpg
65_0_0_20170117204724913.jpg.chip.jpg,data/aligned_clean/65_0_0_20170117204724913.jpg.chip.jpg
65_0_0_20170120224023991.jpg.chip.jpg,data/aligned_clean/65_0_0_20170120224023991.jpg.chip.jpg
65_0_1_20170111171747640.jpg.chip.jpg,data/aligned_clean/65_0_1_20170111171747640.jpg.chip.jpg
65_0_1_20170111181750510.jpg.chip.jpg,data/aligned_clean/65_0_1_20170111181750510.jpg.chip.jpg
65_0_1_20170113174052843.jpg.chip.jpg,data/aligned_clean/65_0_1_20170113174052843.jpg.chip.jpg
65_0_1_20170117165348576.jpg.chip.jpg,data/aligned_clean/65_0_1_20170117165348576.jpg.chip.jpg
65_0_1_20170117182422917.jpg.chip.jpg,data/aligned_clean/65_0_1_20170117182422917.jpg.chip.jpg
65_0_1_20170117191903245.jpg.chip.jpg,data/aligned_clean/65_0_1_20170117191903245.jpg.chip.jpg
65_0_1_20170117192046226.jpg.chip.jpg,data/aligned_clean/65_0_1_20170117192046226.jpg.chip.jpg
65_0_1_20170120224015174.jpg.chip.jpg,data/aligned_clean/65_0_1_20170120224015174.jpg.chip.jpg
65_0_2_20170111205651706.jpg.chip.jpg,data/aligned_clean/65_0_2_20170111205651706.jpg.chip.jpg
65_0_3_20170112222321514.jpg.chip.jpg,data/aligned_clean/65_0_3_20170112222321514.jpg.chip.jpg
65_0_3_20170117191735066.jpg.chip.jpg,data/aligned_clean/65_0_3_20170117191735066.jpg.chip.jpg
65_1_0_20170110123252108.jpg.chip.jpg,data/aligned_clean/65_1_0_20170110123252108.jpg.chip.jpg
65_1_0_20170110132512700.jpg.chip.jpg,data/aligned_clean/65_1_0_20170110132512700.jpg.chip.jpg
65_1_0_20170110133937781.jpg.chip.jpg,data/aligned_clean/65_1_0_20170110133937781.jpg.chip.jpg
65_1_0_20170110140444495.jpg.chip.jpg,data/aligned_clean/65_1_0_20170110140444495.jpg.chip.jpg
65_1_0_20170110143236073.jpg.chip.jpg,data/aligned_clean/65_1_0_20170110143236073.jpg.chip.jpg
65_1_0_20170110143514848.jpg.chip.jpg,data/aligned_clean/65_1_0_20170110143514848.jpg.chip.jpg
65_1_0_20170110152931044.jpg.chip.jpg,data/aligned_clean/65_1_0_20170110152931044.jpg.chip.jpg
65_1_0_20170110160643923.jpg.chip.jpg,data/aligned_clean/65_1_0_20170110160643923.jpg.chip.jpg
65_1_0_20170110160643954.jpg.chip.jpg,data/aligned_clean/65_1_0_20170110160643954.jpg.chip.jpg
65_1_1_20170112220241647.jpg.chip.jpg,data/aligned_clean/65_1_1_20170112220241647.jpg.chip.jpg
66_0_0_20170111203309589.jpg.chip.jpg,data/aligned_clean/66_0_0_20170111203309589.jpg.chip.jpg
66_0_0_20170111210358051.jpg.chip.jpg,data/aligned_clean/66_0_0_20170111210358051.jpg.chip.jpg
66_0_1_20170111171747645.jpg.chip.jpg,data/aligned_clean/66_0_1_20170111171747645.jpg.chip.jpg
66_0_1_20170111195703017.jpg.chip.jpg,data/aligned_clean/66_0_1_20170111195703017.jpg.chip.jpg
66_0_1_20170117195116702.jpg.chip.jpg,data/aligned_clean/66_0_1_20170117195116702.jpg.chip.jpg
66_0_2_20170111205753656.jpg.chip.jpg,data/aligned_clean/66_0_2_20170111205753656.jpg.chip.jpg
66_0_3_20170117195129091.jpg.chip.jpg,data/aligned_clean/66_0_3_20170117195129091.jpg.chip.jpg
66_1_0_20170110122200303.jpg.chip.jpg,data/aligned_clean/66_1_0_20170110122200303.jpg.chip.jpg
66_1_0_20170110123144558.jpg.chip.jpg,data/aligned_clean/66_1_0_20170110123144558.jpg.chip.jpg
66_1_0_20170110132126931.jpg.chip.jpg,data/aligned_clean/66_1_0_20170110132126931.jpg.chip.jpg
66_1_0_20170110132135290.jpg.chip.jpg,data/aligned_clean/66_1_0_20170110132135290.jpg.chip.jpg
66_1_0_20170110132405672.jpg.chip.jpg,data/aligned_clean/66_1_0_20170110132405672.jpg.chip.jpg
66_1_0_20170110132508785.jpg.chip.jpg,data/aligned_clean/66_1_0_20170110132508785.jpg.chip.jpg
66_1_0_20170110140456209.jpg.chip.jpg,data/aligned_clean/66_1_0_20170110140456209.jpg.chip.jpg
66_1_0_20170110140921650.jpg.chip.jpg,data/aligned_clean/66_1_0_20170110140921650.jpg.chip.jpg
66_1_0_20170110141430168.jpg.chip.jpg,data/aligned_clean/66_1_0_20170110141430168.jpg.chip.jpg
66_1_0_20170110160643970.jpg.chip.jpg,data/aligned_clean/66_1_0_20170110160643970.jpg.chip.jpg
66_1_0_20170110160643985.jpg.chip.jpg,data/aligned_clean/66_1_0_20170110160643985.jpg.chip.jpg
66_1_0_20170110160644016.jpg.chip.jpg,data/aligned_clean/66_1_0_20170110160644016.jpg.chip.jpg
67_0_0_20170104023306558.jpg.chip.jpg,data/aligned_clean/67_0_0_20170104023306558.jpg.chip.jpg
67_0_0_20170111171747651.jpg.chip.jpg,data/aligned_clean/67_0_0_20170111171747651.jpg.chip.jpg
67_0_0_20170117192237235.jpg.chip.jpg,data/aligned_clean/67_0_0_20170117192237235.jpg.chip.jpg
67_0_0_20170120224558687.jpg.chip.jpg,data/aligned_clean/67_0_0_20170120224558687.jpg.chip.jpg
67_0_0_20170120225206184.jpg.chip.jpg,data/aligned_clean/67_0_0_20170120225206184.jpg.chip.jpg
67_0_1_20170113175755885.jpg.chip.jpg,data/aligned_clean/67_0_1_20170113175755885.jpg.chip.jpg
67_0_1_20170117143308243.jpg.chip.jpg,data/aligned_clean/67_0_1_20170117143308243.jpg.chip.jpg
67_0_1_20170117185950062.jpg.chip.jpg,data/aligned_clean/67_0_1_20170117185950062.jpg.chip.jpg
67_1_0_20170110131843433.jpg.chip.jpg,data/aligned_clean/67_1_0_20170110131843433.jpg.chip.jpg
67_1_0_20170110140434646.jpg.chip.jpg,data/aligned_clean/67_1_0_20170110140434646.jpg.chip.jpg
67_1_0_20170110143255682.jpg.chip.jpg,data/aligned_clean/67_1_0_20170110143255682.jpg.chip.jpg
67_1_0_20170110152923990.jpg.chip.jpg,data/aligned_clean/67_1_0_20170110152923990.jpg.chip.jpg
67_1_0_20170110154623389.jpg.chip.jpg,data/aligned_clean/67_1_0_20170110154623389.jpg.chip.jpg
67_1_0_20170110180054361.jpg.chip.jpg,data/aligned_clean/67_1_0_20170110180054361.jpg.chip.jpg
67_1_0_20170120224818072.jpg.chip.jpg,data/aligned_clean/67_1_0_20170120224818072.jpg.chip.jpg
68_0_0_20170111200435940.jpg.chip.jpg,data/aligned_clean/68_0_0_20170111200435940.jpg.chip.jpg
68_0_0_20170111205855178.jpg.chip.jpg,data/aligned_clean/68_0_0_20170111205855178.jpg.chip.jpg
68_0_0_20170111205927835.jpg.chip.jpg,data/aligned_clean/68_0_0_20170111205927835.jpg.chip.jpg
68_0_0_20170111221712885.jpg.chip.jpg,data/aligned_clean/68_0_0_20170111221712885.jpg.chip.jpg
68_0_0_20170111222231920.jpg.chip.jpg,data/aligned_clean/68_0_0_20170111222231920.jpg.chip.jpg
68_0_0_20170113185525480.jpg.chip.jpg,data/aligned_clean/68_0_0_20170113185525480.jpg.chip.jpg
68_0_1_20170117170414776.jpg.chip.jpg,data/aligned_clean/68_0_1_20170117170414776.jpg.chip.jpg
68_0_2_20170116193548368.jpg.chip.jpg,data/aligned_clean/68_0_2_20170116193548368.jpg.chip.jpg
68_1_0_20170110132430273.jpg.chip.jpg,data/aligned_clean/68_1_0_20170110132430273.jpg.chip.jpg
68_1_0_20170110141522160.jpg.chip.jpg,data/aligned_clean/68_1_0_20170110141522160.jpg.chip.jpg
68_1_0_20170110155156093.jpg.chip.jpg,data/aligned_clean/68_1_0_20170110155156093.jpg.chip.jpg
68_1_0_20170110160644032.jpg.chip.jpg,data/aligned_clean/68_1_0_20170110160644032.jpg.chip.jpg
68_1_0_20170110175703443.jpg.chip.jpg,data/aligned_clean/68_1_0_20170110175703443.jpg.chip.jpg
68_1_0_20170113210319664.jpg.chip.jpg,data/aligned_clean/68_1_0_20170113210319664.jpg.chip.jpg
69_0_0_20170111203934092.jpg.chip.jpg,data/aligned_clean/69_0_0_20170111203934092.jpg.chip.jpg
69_0_1_20170117194929098.jpg.chip.jpg,data/aligned_clean/69_0_1_20170117194929098.jpg.chip.jpg
69_1_0_20170110122444118.jpg.chip.jpg,data/aligned_clean/69_1_0_20170110122444118.jpg.chip.jpg
69_1_0_20170110131736764.jpg.chip.jpg,data/aligned_clean/69_1_0_20170110131736764.jpg.chip.jpg
69_1_0_20170110132156065.jpg.chip.jpg,data/aligned_clean/69_1_0_20170110132156065.jpg.chip.jpg
69_1_0_20170110140940217.jpg.chip.jpg,data/aligned_clean/69_1_0_20170110140940217.jpg.chip.jpg
69_1_0_20170110141155497.jpg.chip.jpg,data/aligned_clean/69_1_0_20170110141155497.jpg.chip.jpg
69_1_0_20170110141304032.jpg.chip.jpg,data/aligned_clean/69_1_0_20170110141304032.jpg.chip.jpg
69_1_0_20170110141527783.jpg.chip.jpg,data/aligned_clean/69_1_0_20170110141527783.jpg.chip.jpg
69_1_0_20170110141818223.jpg.chip.jpg,data/aligned_clean/69_1_0_20170110141818223.jpg.chip.jpg
69_1_0_20170110141835631.jpg.chip.jpg,data/aligned_clean/69_1_0_20170110141835631.jpg.chip.jpg
69_1_0_20170110141854535.jpg.chip.jpg,data/aligned_clean/69_1_0_20170110141854535.jpg.chip.jpg
69_1_0_20170110153425759.jpg.chip.jpg,data/aligned_clean/69_1_0_20170110153425759.jpg.chip.jpg
69_1_0_20170110154316664.jpg.chip.jpg,data/aligned_clean/69_1_0_20170110154316664.jpg.chip.jpg
69_1_0_20170110175803672.jpg.chip.jpg,data/aligned_clean/69_1_0_20170110175803672.jpg.chip.jpg
69_1_1_20170117195205819.jpg.chip.jpg,data/aligned_clean/69_1_1_20170117195205819.jpg.chip.jpg
70_0_0_20170111200707164.jpg.chip.jpg,data/aligned_clean/70_0_0_20170111200707164.jpg.chip.jpg
70_0_0_20170111205335191.jpg.chip.jpg,data/aligned_clean/70_0_0_20170111205335191.jpg.chip.jpg
70_0_0_20170111205843899.jpg.chip.jpg,data/aligned_clean/70_0_0_20170111205843899.jpg.chip.jpg
70_0_0_20170111210749134.jpg.chip.jpg,data/aligned_clean/70_0_0_20170111210749134.jpg.chip.jpg
70_0_3_20161220221943042.jpg.chip.jpg,data/aligned_clean/70_0_3_20161220221943042.jpg.chip.jpg
70_0_3_20170117173325952.jpg.chip.jpg,data/aligned_clean/70_0_3_20170117173325952.jpg.chip.jpg
70_1_0_20170110141008498.jpg.chip.jpg,data/aligned_clean/70_1_0_20170110141008498.jpg.chip.jpg
70_1_0_20170110141123329.jpg.chip.jpg,data/aligned_clean/70_1_0_20170110141123329.jpg.chip.jpg
70_1_0_20170110180429816.jpg.chip.jpg,data/aligned_clean/70_1_0_20170110180429816.jpg.chip.jpg
70_1_0_20170120223616646.jpg.chip.jpg,data/aligned_clean/70_1_0_20170120223616646.jpg.chip.jpg
70_1_0_20170120223657854.jpg.chip.jpg,data/aligned_clean/70_1_0_20170120223657854.jpg.chip.jpg
70_1_1_20170117171523132.jpg.chip.jpg,data/aligned_clean/70_1_1_20170117171523132.jpg.chip.jpg
70_1_1_20170119205140215.jpg.chip.jpg,data/aligned_clean/70_1_1_20170119205140215.jpg.chip.jpg
71_0_0_20170104213311644.jpg.chip.jpg,data/aligned_clean/71_0_0_20170104213311644.jpg.chip.jpg
71_0_0_20170111195259809.jpg.chip.jpg,data/aligned_clean/71_0_0_20170111195259809.jpg.chip.jpg
71_0_0_20170111210043449.jpg.chip.jpg,data/aligned_clean/71_0_0_20170111210043449.jpg.chip.jpg
71_0_0_20170111222535839.jpg.chip.jpg,data/aligned_clean/71_0_0_20170111222535839.jpg.chip.jpg
71_0_1_20170111222525552.jpg.chip.jpg,data/aligned_clean/71_0_1_20170111222525552.jpg.chip.jpg
71_1_0_20170110131635408.jpg.chip.jpg,data/aligned_clean/71_1_0_20170110131635408.jpg.chip.jpg
71_1_0_20170110141059193.jpg.chip.jpg,data/aligned_clean/71_1_0_20170110141059193.jpg.chip.jpg
71_1_0_20170110141720224.jpg.chip.jpg,data/aligned_clean/71_1_0_20170110141720224.jpg.chip.jpg
71_1_0_20170110143306064.jpg.chip.jpg,data/aligned_clean/71_1_0_20170110143306064.jpg.chip.jpg
71_1_0_20170110160644048.jpg.chip.jpg,data/aligned_clean/71_1_0_20170110160644048.jpg.chip.jpg
72_0_0_20170111210054315.jpg.chip.jpg,data/aligned_clean/72_0_0_20170111210054315.jpg.chip.jpg
72_0_0_20170111210133115.jpg.chip.jpg,data/aligned_clean/72_0_0_20170111210133115.jpg.chip.jpg
72_0_0_20170111210618013.jpg.chip.jpg,data/aligned_clean/72_0_0_20170111210618013.jpg.chip.jpg
72_0_0_20170111210622013.jpg.chip.jpg,data/aligned_clean/72_0_0_20170111210622013.jpg.chip.jpg
72_0_1_20170113185128016.jpg.chip.jpg,data/aligned_clean/72_0_1_20170113185128016.jpg.chip.jpg
72_0_2_20170111200724572.jpg.chip.jpg,data/aligned_clean/72_0_2_20170111200724572.jpg.chip.jpg
72_0_3_20170105180648062.jpg.chip.jpg,data/aligned_clean/72_0_3_20170105180648062.jpg.chip.jpg
72_1_0_20170110120829664.jpg.chip.jpg,data/aligned_clean/72_1_0_20170110120829664.jpg.chip.jpg
72_1_0_20170110132145439.jpg.chip.jpg,data/aligned_clean/72_1_0_20170110132145439.jpg.chip.jpg
72_1_0_20170110140754434.jpg.chip.jpg,data/aligned_clean/72_1_0_20170110140754434.jpg.chip.jpg
72_1_0_20170110141531648.jpg.chip.jpg,data/aligned_clean/72_1_0_20170110141531648.jpg.chip.jpg
72_1_0_20170110153242401.jpg.chip.jpg,data/aligned_clean/72_1_0_20170110153242401.jpg.chip.jpg
72_1_0_20170110175340308.jpg.chip.jpg,data/aligned_clean/72_1_0_20170110175340308.jpg.chip.jpg
72_1_0_20170110180409214.jpg.chip.jpg,data/aligned_clean/72_1_0_20170110180409214.jpg.chip.jpg
72_1_0_20170110180453423.jpg.chip.jpg,data/aligned_clean/72_1_0_20170110180453423.jpg.chip.jpg
72_1_0_20170110182012800.jpg.chip.jpg,data/aligned_clean/72_1_0_20170110182012800.jpg.chip.jpg
72_1_0_20170110183029618.jpg.chip.jpg,data/aligned_clean/72_1_0_20170110183029618.jpg.chip.jpg
72_1_0_20170110183431246.jpg.chip.jpg,data/aligned_clean/72_1_0_20170110183431246.jpg.chip.jpg
72_1_0_20170110183657201.jpg.chip.jpg,data/aligned_clean/72_1_0_20170110183657201.jpg.chip.jpg
72_1_0_20170110184104942.jpg.chip.jpg,data/aligned_clean/72_1_0_20170110184104942.jpg.chip.jpg
72_1_1_20170120225033578.jpg.chip.jpg,data/aligned_clean/72_1_1_20170120225033578.jpg.chip.jpg
72_1_3_20170109151014965.jpg.chip.jpg,data/aligned_clean/72_1_3_20170109151014965.jpg.chip.jpg
73_0_0_20170105001507628.jpg.chip.jpg,data/aligned_clean/73_0_0_20170105001507628.jpg.chip.jpg
73_0_0_20170111205646002.jpg.chip.jpg,data/aligned_clean/73_0_0_20170111205646002.jpg.chip.jpg
73_0_0_20170111221751463.jpg.chip.jpg,data/aligned_clean/73_0_0_20170111221751463.jpg.chip.jpg
73_0_0_20170111223400971.jpg.chip.jpg,data/aligned_clean/73_0_0_20170111223400971.jpg.chip.jpg
73_0_1_20170117194721939.jpg.chip.jpg,data/aligned_clean/73_0_1_20170117194721939.jpg.chip.jpg
73_0_1_20170117195312638.jpg.chip.jpg,data/aligned_clean/73_0_1_20170117195312638.jpg.chip.jpg
73_0_1_20170117195315175.jpg.chip.jpg,data/aligned_clean/73_0_1_20170117195315175.jpg.chip.jpg
73_0_1_20170117195353786.jpg.chip.jpg,data/aligned_clean/73_0_1_20170117195353786.jpg.chip.jpg
73_1_0_20170109220906926.jpg.chip.jpg,data/aligned_clean/73_1_0_20170109220906926.jpg.chip.jpg
73_1_0_20170110131519640.jpg.chip.jpg,data/aligned_clean/73_1_0_20170110131519640.jpg.chip.jpg
73_1_0_20170110154151795.jpg.chip.jpg,data/aligned_clean/73_1_0_20170110154151795.jpg.chip.jpg
73_1_0_20170110160644079.jpg.chip.jpg,data/aligned_clean/73_1_0_20170110160644079.jpg.chip.jpg
73_1_0_20170110183953439.jpg.chip.jpg,data/aligned_clean/73_1_0_20170110183953439.jpg.chip.jpg
74_0_0_20170111223743652.jpg.chip.jpg,data/aligned_clean/74_0_0_20170111223743652.jpg.chip.jpg
75_0_0_20170111201111541.jpg.chip.jpg,data/aligned_clean/75_0_0_20170111201111541.jpg.chip.jpg
75_0_0_20170111201623183.jpg.chip.jpg,data/aligned_clean/75_0_0_20170111201623183.jpg.chip.jpg
75_0_0_20170111201904798.jpg.chip.jpg,data/aligned_clean/75_0_0_20170111201904798.jpg.chip.jpg
75_0_0_20170111204851535.jpg.chip.jpg,data/aligned_clean/75_0_0_20170111204851535.jpg.chip.jpg
75_0_0_20170111205052872.jpg.chip.jpg,data/aligned_clean/75_0_0_20170111205052872.jpg.chip.jpg
75_0_0_20170111205232856.jpg.chip.jpg,data/aligned_clean/75_0_0_20170111205232856.jpg.chip.jpg
75_0_0_20170111205635250.jpg.chip.jpg,data/aligned_clean/75_0_0_20170111205635250.jpg.chip.jpg
75_0_0_20170111210208339.jpg.chip.jpg,data/aligned_clean/75_0_0_20170111210208339.jpg.chip.jpg
75_0_0_20170111210525525.jpg.chip.jpg,data/aligned_clean/75_0_0_20170111210525525.jpg.chip.jpg
75_0_0_20170111210552235.jpg.chip.jpg,data/aligned_clean/75_0_0_20170111210552235.jpg.chip.jpg
75_0_0_20170111210708463.jpg.chip.jpg,data/aligned_clean/75_0_0_20170111210708463.jpg.chip.jpg
75_0_0_20170111210855670.jpg.chip.jpg,data/aligned_clean/75_0_0_20170111210855670.jpg.chip.jpg
75_0_0_20170117173011522.jpg.chip.jpg,data/aligned_clean/75_0_0_20170117173011522.jpg.chip.jpg
75_0_0_20170117175217462.jpg.chip.jpg,data/aligned_clean/75_0_0_20170117175217462.jpg.chip.jpg
75_0_1_20170111200107131.jpg.chip.jpg,data/aligned_clean/75_0_1_20170111200107131.jpg.chip.jpg
75_0_1_20170111201947825.jpg.chip.jpg,data/aligned_clean/75_0_1_20170111201947825.jpg.chip.jpg
75_0_1_20170111205805911.jpg.chip.jpg,data/aligned_clean/75_0_1_20170111205805911.jpg.chip.jpg
75_0_1_20170111210049339.jpg.chip.jpg,data/aligned_clean/75_0_1_20170111210049339.jpg.chip.jpg
75_0_1_20170111210115928.jpg.chip.jpg,data/aligned_clean/75_0_1_20170111210115928.jpg.chip.jpg
75_0_1_20170111210608046.jpg.chip.jpg,data/aligned_clean/75_0_1_20170111210608046.jpg.chip.jpg
75_0_1_20170111211400077.jpg.chip.jpg,data/aligned_clean/75_0_1_20170111211400077.jpg.chip.jpg
75_0_1_20170117183723984.jpg.chip.jpg,data/aligned_clean/75_0_1_20170117183723984.jpg.chip.jpg
75_0_2_20170111210029130.jpg.chip.jpg,data/aligned_clean/75_0_2_20170111210029130.jpg.chip.jpg
75_0_2_20170113174659450.jpg.chip.jpg,data/aligned_clean/75_0_2_20170113174659450.jpg.chip.jpg
75_0_3_20170111202756116.jpg.chip.jpg,data/aligned_clean/75_0_3_20170111202756116.jpg.chip.jpg
75_0_3_20170112224225939.jpg.chip.jpg,data/aligned_clean/75_0_3_20170112224225939.jpg.chip.jpg
75_1_0_20170110131723117.jpg.chip.jpg,data/aligned_clean/75_1_0_20170110131723117.jpg.chip.jpg
75_1_0_20170110140824258.jpg.chip.jpg,data/aligned_clean/75_1_0_20170110140824258.jpg.chip.jpg
75_1_0_20170110154312939.jpg.chip.jpg,data/aligned_clean/75_1_0_20170110154312939.jpg.chip.jpg
75_1_0_20170110180500719.jpg.chip.jpg,data/aligned_clean/75_1_0_20170110180500719.jpg.chip.jpg
75_1_0_20170110181743217.jpg.chip.jpg,data/aligned_clean/75_1_0_20170110181743217.jpg.chip.jpg
75_1_0_20170110181942190.jpg.chip.jpg,data/aligned_clean/75_1_0_20170110181942190.jpg.chip.jpg
75_1_0_20170110182459565.jpg.chip.jpg,data/aligned_clean/75_1_0_20170110182459565.jpg.chip.jpg
75_1_0_20170110183826875.jpg.chip.jpg,data/aligned_clean/75_1_0_20170110183826875.jpg.chip.jpg
75_1_0_20170110184033219.jpg.chip.jpg,data/aligned_clean/75_1_0_20170110184033219.jpg.chip.jpg
75_1_1_20170112211657821.jpg.chip.jpg,data/aligned_clean/75_1_1_20170112211657821.jpg.chip.jpg
75_1_2_20170110182818569.jpg.chip.jpg,data/aligned_clean/75_1_2_20170110182818569.jpg.chip.jpg
76_0_0_20170111171747674.jpg.chip.jpg,data/aligned_clean/76_0_0_20170111171747674.jpg.chip.jpg
76_0_0_20170111201015692.jpg.chip.jpg,data/aligned_clean/76_0_0_20170111201015692.jpg.chip.jpg
76_0_0_20170111201944904.jpg.chip.jpg,data/aligned_clean/76_0_0_20170111201944904.jpg.chip.jpg
76_0_0_20170111210148707.jpg.chip.jpg,data/aligned_clean/76_0_0_20170111210148707.jpg.chip.jpg
76_0_0_20170111221823004.jpg.chip.jpg,data/aligned_clean/76_0_0_20170111221823004.jpg.chip.jpg
76_0_2_20170112224008292.jpg.chip.jpg,data/aligned_clean/76_0_2_20170112224008292.jpg.chip.jpg
76_1_0_20170110131747399.jpg.chip.jpg,data/aligned_clean/76_1_0_20170110131747399.jpg.chip.jpg
76_1_0_20170110160644096.jpg.chip.jpg,data/aligned_clean/76_1_0_20170110160644096.jpg.chip.jpg
76_1_0_20170110181611591.jpg.chip.jpg,data/aligned_clean/76_1_0_20170110181611591.jpg.chip.jpg
76_1_0_20170110182941342.jpg.chip.jpg,data/aligned_clean/76_1_0_20170110182941342.jpg.chip.jpg
76_1_1_20170110181603235.jpg.chip.jpg,data/aligned_clean/76_1_1_20170110181603235.jpg.chip.jpg
76_1_2_20170110143551965.jpg.chip.jpg,data/aligned_clean/76_1_2_20170110143551965.jpg.chip.jpg
76_1_2_20170110180413588.jpg.chip.jpg,data/aligned_clean/76_1_2_20170110180413588.jpg.chip.jpg
76_1_2_20170110182935621.jpg.chip.jpg,data/aligned_clean/76_1_2_20170110182935621.jpg.chip.jpg
76_1_3_20170109150736001.jpg.chip.jpg,data/aligned_clean/76_1_3_20170109150736001.jpg.chip.jpg
77_0_0_20170111222228671.jpg.chip.jpg,data/aligned_clean/77_0_0_20170111222228671.jpg.chip.jpg
77_0_0_20170111222408207.jpg.chip.jpg,data/aligned_clean/77_0_0_20170111222408207.jpg.chip.jpg
77_0_1_20170117173757948.jpg.chip.jpg,data/aligned_clean/77_0_1_20170117173757948.jpg.chip.jpg
77_0_2_20170112224640564.jpg.chip.jpg,data/aligned_clean/77_0_2_20170112224640564.jpg.chip.jpg
77_0_2_20170112224733518.jpg.chip.jpg,data/aligned_clean/77_0_2_20170112224733518.jpg.chip.jpg
77_1_0_20170110131558278.jpg.chip.jpg,data/aligned_clean/77_1_0_20170110131558278.jpg.chip.jpg
77_1_0_20170110140346806.jpg.chip.jpg,data/aligned_clean/77_1_0_20170110140346806.jpg.chip.jpg
77_1_0_20170110160644117.jpg.chip.jpg,data/aligned_clean/77_1_0_20170110160644117.jpg.chip.jpg
77_1_0_20170110183741484.jpg.chip.jpg,data/aligned_clean/77_1_0_20170110183741484.jpg.chip.jpg
78_0_0_20170111204704023.jpg.chip.jpg,data/aligned_clean/78_0_0_20170111204704023.jpg.chip.jpg
78_0_0_20170111210105923.jpg.chip.jpg,data/aligned_clean/78_0_0_20170111210105923.jpg.chip.jpg
78_0_0_20170111210454101.jpg.chip.jpg,data/aligned_clean/78_0_0_20170111210454101.jpg.chip.jpg
78_0_0_20170111210848588.jpg.chip.jpg,data/aligned_clean/78_0_0_20170111210848588.jpg.chip.jpg
78_0_0_20170111221840478.jpg.chip.jpg,data/aligned_clean/78_0_0_20170111221840478.jpg.chip.jpg
78_0_0_20170111221844550.jpg.chip.jpg,data/aligned_clean/78_0_0_20170111221844550.jpg.chip.jpg
78_0_0_20170111223343146.jpg.chip.jpg,data/aligned_clean/78_0_0_20170111223343146.jpg.chip.jpg
78_0_0_20170111223832508.jpg.chip.jpg,data/aligned_clean/78_0_0_20170111223832508.jpg.chip.jpg
78_0_1_20170117193425610.jpg.chip.jpg,data/aligned_clean/78_0_1_20170117193425610.jpg.chip.jpg
78_0_1_20170117195212700.jpg.chip.jpg,data/aligned_clean/78_0_1_20170117195212700.jpg.chip.jpg
78_1_0_20170110141052049.jpg.chip.jpg,data/aligned_clean/78_1_0_20170110141052049.jpg.chip.jpg
78_1_0_20170120230432160.jpg.chip.jpg,data/aligned_clean/78_1_0_20170120230432160.jpg.chip.jpg
79_0_0_20170111205953011.jpg.chip.jpg,data/aligned_clean/79_0_0_20170111205953011.jpg.chip.jpg
79_0_0_20170111210813495.jpg.chip.jpg,data/aligned_clean/79_0_0_20170111210813495.jpg.chip.jpg
79_0_0_20170111222432817.jpg.chip.jpg,data/aligned_clean/79_0_0_20170111222432817.jpg.chip.jpg
79_0_1_20170111223356803.jpg.chip.jpg,data/aligned_clean/79_0_1_20170111223356803.jpg.chip.jpg
79_1_0_20170110141543912.jpg.chip.jpg,data/aligned_clean/79_1_0_20170110141543912.jpg.chip.jpg
79_1_0_20170111201959926.jpg.chip.jpg,data/aligned_clean/79_1_0_20170111201959926.jpg.chip.jpg
80_0_0_20170111205531200.jpg.chip.jpg,data/aligned_clean/80_0_0_20170111205531200.jpg.chip.jpg
80_0_0_20170111205626183.jpg.chip.jpg,data/aligned_clean/80_0_0_20170111205626183.jpg.chip.jpg
80_0_0_20170111210305500.jpg.chip.jpg,data/aligned_clean/80_0_0_20170111210305500.jpg.chip.jpg
80_0_0_20170111211324676.jpg.chip.jpg,data/aligned_clean/80_0_0_20170111211324676.jpg.chip.jpg
80_0_0_20170111211441005.jpg.chip.jpg,data/aligned_clean/80_0_0_20170111211441005.jpg.chip.jpg
80_0_0_20170111211700924.jpg.chip.jpg,data/aligned_clean/80_0_0_20170111211700924.jpg.chip.jpg
80_0_0_20170111224036667.jpg.chip.jpg,data/aligned_clean/80_0_0_20170111224036667.jpg.chip.jpg
80_0_1_20170111181750520.jpg.chip.jpg,data/aligned_clean/80_0_1_20170111181750520.jpg.chip.jpg
80_0_1_20170111205416943.jpg.chip.jpg,data/aligned_clean/80_0_1_20170111205416943.jpg.chip.jpg
80_0_1_20170111205551658.jpg.chip.jpg,data/aligned_clean/80_0_1_20170111205551658.jpg.chip.jpg
80_0_1_20170116003703261.jpg.chip.jpg,data/aligned_clean/80_0_1_20170116003703261.jpg.chip.jpg
80_0_2_20170111205702505.jpg.chip.jpg,data/aligned_clean/80_0_2_20170111205702505.jpg.chip.jpg
80_0_2_20170112224311842.jpg.chip.jpg,data/aligned_clean/80_0_2_20170112224311842.jpg.chip.jpg
80_0_2_20170112224352147.jpg.chip.jpg,data/aligned_clean/80_0_2_20170112224352147.jpg.chip.jpg
80_1_0_20170110131652409.jpg.chip.jpg,data/aligned_clean/80_1_0_20170110131652409.jpg.chip.jpg
80_1_0_20170110141723527.jpg.chip.jpg,data/aligned_clean/80_1_0_20170110141723527.jpg.chip.jpg
80_1_0_20170110141751087.jpg.chip.jpg,data/aligned_clean/80_1_0_20170110141751087.jpg.chip.jpg
80_1_0_20170110154249092.jpg.chip.jpg,data/aligned_clean/80_1_0_20170110154249092.jpg.chip.jpg
80_1_0_20170110154540002.jpg.chip.jpg,data/aligned_clean/80_1_0_20170110154540002.jpg.chip.jpg
80_1_0_20170110154553925.jpg.chip.jpg,data/aligned_clean/80_1_0_20170110154553925.jpg.chip.jpg
80_1_0_20170110154556609.jpg.chip.jpg,data/aligned_clean/80_1_0_20170110154556609.jpg.chip.jpg
80_1_0_20170110180237499.jpg.chip.jpg,data/aligned_clean/80_1_0_20170110180237499.jpg.chip.jpg
80_1_0_20170110182353061.jpg.chip.jpg,data/aligned_clean/80_1_0_20170110182353061.jpg.chip.jpg
80_1_0_20170110183817822.jpg.chip.jpg,data/aligned_clean/80_1_0_20170110183817822.jpg.chip.jpg
80_1_0_20170111210442298.jpg.chip.jpg,data/aligned_clean/80_1_0_20170111210442298.jpg.chip.jpg
80_1_0_20170117175612764.jpg.chip.jpg,data/aligned_clean/80_1_0_20170117175612764.jpg.chip.jpg
80_1_2_20170119211723865.jpg.chip.jpg,data/aligned_clean/80_1_2_20170119211723865.jpg.chip.jpg
80_1_3_20170109151103678.jpg.chip.jpg,data/aligned_clean/80_1_3_20170109151103678.jpg.chip.jpg
80_1_4_20170110184132973.jpg.chip.jpg,data/aligned_clean/80_1_4_20170110184132973.jpg.chip.jpg
81_1_0_20170110140600243.jpg.chip.jpg,data/aligned_clean/81_1_0_20170110140600243.jpg.chip.jpg
82_0_0_20170111205943203.jpg.chip.jpg,data/aligned_clean/82_0_0_20170111205943203.jpg.chip.jpg
82_0_0_20170111210217828.jpg.chip.jpg,data/aligned_clean/82_0_0_20170111210217828.jpg.chip.jpg
82_0_0_20170111210449740.jpg.chip.jpg,data/aligned_clean/82_0_0_20170111210449740.jpg.chip.jpg
82_0_0_20170111210717906.jpg.chip.jpg,data/aligned_clean/82_0_0_20170111210717906.jpg.chip.jpg
82_0_0_20170111210901892.jpg.chip.jpg,data/aligned_clean/82_0_0_20170111210901892.jpg.chip.jpg
82_0_0_20170111211328431.jpg.chip.jpg,data/aligned_clean/82_0_0_20170111211328431.jpg.chip.jpg
82_0_0_20170111223748572.jpg.chip.jpg,data/aligned_clean/82_0_0_20170111223748572.jpg.chip.jpg
82_0_0_20170111223913094.jpg.chip.jpg,data/aligned_clean/82_0_0_20170111223913094.jpg.chip.jpg
82_0_1_20170111210240036.jpg.chip.jpg,data/aligned_clean/82_0_1_20170111210240036.jpg.chip.jpg
82_0_2_20170111210110290.jpg.chip.jpg,data/aligned_clean/82_0_2_20170111210110290.jpg.chip.jpg
82_0_2_20170111210612356.jpg.chip.jpg,data/aligned_clean/82_0_2_20170111210612356.jpg.chip.jpg
82_0_2_20170112224024582.jpg.chip.jpg,data/aligned_clean/82_0_2_20170112224024582.jpg.chip.jpg
82_0_2_20170112224626730.jpg.chip.jpg,data/aligned_clean/82_0_2_20170112224626730.jpg.chip.jpg
82_0_4_20170117190644623.jpg.chip.jpg,data/aligned_clean/82_0_4_20170117190644623.jpg.chip.jpg
82_1_1_20170110154342872.jpg.chip.jpg,data/aligned_clean/82_1_1_20170110154342872.jpg.chip.jpg
82_1_1_20170112224554283.jpg.chip.jpg,data/aligned_clean/82_1_1_20170112224554283.jpg.chip.jpg
82_1_2_20170110183005747.jpg.chip.jpg,data/aligned_clean/82_1_2_20170110183005747.jpg.chip.jpg
83_0_0_20170111211106903.jpg.chip.jpg,data/aligned_clean/83_0_0_20170111211106903.jpg.chip.jpg
83_0_0_20170111223725228.jpg.chip.jpg,data/aligned_clean/83_0_0_20170111223725228.jpg.chip.jpg
83_0_0_20170117195413882.jpg.chip.jpg,data/aligned_clean/83_0_0_20170117195413882.jpg.chip.jpg
84_1_0_20170110140658706.jpg.chip.jpg,data/aligned_clean/84_1_0_20170110140658706.jpg.chip.jpg
84_1_0_20170110160644158.jpg.chip.jpg,data/aligned_clean/84_1_0_20170110160644158.jpg.chip.jpg
84_1_0_20170110180441394.jpg.chip.jpg,data/aligned_clean/84_1_0_20170110180441394.jpg.chip.jpg
84_1_0_20170110181735987.jpg.chip.jpg,data/aligned_clean/84_1_0_20170110181735987.jpg.chip.jpg
84_1_0_20170120223155060.jpg.chip.jpg,data/aligned_clean/84_1_0_20170120223155060.jpg.chip.jpg
84_1_0_20170120223843966.jpg.chip.jpg,data/aligned_clean/84_1_0_20170120223843966.jpg.chip.jpg
84_1_0_20170120225946337.jpg.chip.jpg,data/aligned_clean/84_1_0_20170120225946337.jpg.chip.jpg
84_1_2_20170120225608458.jpg.chip.jpg,data/aligned_clean/84_1_2_20170120225608458.jpg.chip.jpg
84_1_4_20170105001517613.jpg.chip.jpg,data/aligned_clean/84_1_4_20170105001517613.jpg.chip.jpg
85_0_0_20170110181953748.jpg.chip.jpg,data/aligned_clean/85_0_0_20170110181953748.jpg.chip.jpg
85_0_0_20170110183613267.jpg.chip.jpg,data/aligned_clean/85_0_0_20170110183613267.jpg.chip.jpg
85_0_0_20170111205432369.jpg.chip.jpg,data/aligned_clean/85_0_0_20170111205432369.jpg.chip.jpg
85_0_0_20170111205438305.jpg.chip.jpg,data/aligned_clean/85_0_0_20170111205438305.jpg.chip.jpg
85_0_0_20170111205915994.jpg.chip.jpg,data/aligned_clean/85_0_0_20170111205915994.jpg.chip.jpg
85_0_0_20170111210013098.jpg.chip.jpg,data/aligned_clean/85_0_0_20170111210013098.jpg.chip.jpg
85_0_0_20170111210017033.jpg.chip.jpg,data/aligned_clean/85_0_0_20170111210017033.jpg.chip.jpg
85_0_0_20170111210408610.jpg.chip.jpg,data/aligned_clean/85_0_0_20170111210408610.jpg.chip.jpg
85_0_0_20170111210559755.jpg.chip.jpg,data/aligned_clean/85_0_0_20170111210559755.jpg.chip.jpg
85_0_0_20170111210640890.jpg.chip.jpg,data/aligned_clean/85_0_0_20170111210640890.jpg.chip.jpg
85_0_0_20170111210736421.jpg.chip.jpg,data/aligned_clean/85_0_0_20170111210736421.jpg.chip.jpg
85_0_0_20170111211348840.jpg.chip.jpg,data/aligned_clean/85_0_0_20170111211348840.jpg.chip.jpg
85_0_0_20170120224751080.jpg.chip.jpg,data/aligned_clean/85_0_0_20170120224751080.jpg.chip.jpg
85_0_1_20170111210314652.jpg.chip.jpg,data/aligned_clean/85_0_1_20170111210314652.jpg.chip.jpg
85_0_1_20170111211354288.jpg.chip.jpg,data/aligned_clean/85_0_1_20170111211354288.jpg.chip.jpg
85_0_2_20170112224212748.jpg.chip.jpg,data/aligned_clean/85_0_2_20170112224212748.jpg.chip.jpg
85_0_2_20170112224655914.jpg.chip.jpg,data/aligned_clean/85_0_2_20170112224655914.jpg.chip.jpg
85_1_0_20170110141034090.jpg.chip.jpg,data/aligned_clean/85_1_0_20170110141034090.jpg.chip.jpg
85_1_0_20170110155147409.jpg.chip.jpg,data/aligned_clean/85_1_0_20170110155147409.jpg.chip.jpg
85_1_0_20170110175705728.jpg.chip.jpg,data/aligned_clean/85_1_0_20170110175705728.jpg.chip.jpg
85_1_0_20170110180531278.jpg.chip.jpg,data/aligned_clean/85_1_0_20170110180531278.jpg.chip.jpg
85_1_0_20170110181554730.jpg.chip.jpg,data/aligned_clean/85_1_0_20170110181554730.jpg.chip.jpg
85_1_0_20170110181630306.jpg.chip.jpg,data/aligned_clean/85_1_0_20170110181630306.jpg.chip.jpg
85_1_0_20170110181946121.jpg.chip.jpg,data/aligned_clean/85_1_0_20170110181946121.jpg.chip.jpg
85_1_0_20170110181956588.jpg.chip.jpg,data/aligned_clean/85_1_0_20170110181956588.jpg.chip.jpg
85_1_0_20170110182028892.jpg.chip.jpg,data/aligned_clean/85_1_0_20170110182028892.jpg.chip.jpg
85_1_0_20170110182055926.jpg.chip.jpg,data/aligned_clean/85_1_0_20170110182055926.jpg.chip.jpg
85_1_0_20170110182428223.jpg.chip.jpg,data/aligned_clean/85_1_0_20170110182428223.jpg.chip.jpg
85_1_0_20170110182945927.jpg.chip.jpg,data/aligned_clean/85_1_0_20170110182945927.jpg.chip.jpg
85_1_0_20170110183057797.jpg.chip.jpg,data/aligned_clean/85_1_0_20170110183057797.jpg.chip.jpg
85_1_0_20170110183112103.jpg.chip.jpg,data/aligned_clean/85_1_0_20170110183112103.jpg.chip.jpg
85_1_0_20170110183129402.jpg.chip.jpg,data/aligned_clean/85_1_0_20170110183129402.jpg.chip.jpg
85_1_0_20170110183131183.jpg.chip.jpg,data/aligned_clean/85_1_0_20170110183131183.jpg.chip.jpg
85_1_0_20170110183134095.jpg.chip.jpg,data/aligned_clean/85_1_0_20170110183134095.jpg.chip.jpg
85_1_0_20170110183455199.jpg.chip.jpg,data/aligned_clean/85_1_0_20170110183455199.jpg.chip.jpg
85_1_0_20170110183520442.jpg.chip.jpg,data/aligned_clean/85_1_0_20170110183520442.jpg.chip.jpg
85_1_0_20170110183616456.jpg.chip.jpg,data/aligned_clean/85_1_0_20170110183616456.jpg.chip.jpg
85_1_0_20170110183621661.jpg.chip.jpg,data/aligned_clean/85_1_0_20170110183621661.jpg.chip.jpg
85_1_0_20170110183700308.jpg.chip.jpg,data/aligned_clean/85_1_0_20170110183700308.jpg.chip.jpg
85_1_0_20170110183711497.jpg.chip.jpg,data/aligned_clean/85_1_0_20170110183711497.jpg.chip.jpg
85_1_0_20170110183721942.jpg.chip.jpg,data/aligned_clean/85_1_0_20170110183721942.jpg.chip.jpg
85_1_0_20170110183746742.jpg.chip.jpg,data/aligned_clean/85_1_0_20170110183746742.jpg.chip.jpg
85_1_0_20170110183749939.jpg.chip.jpg,data/aligned_clean/85_1_0_20170110183749939.jpg.chip.jpg
85_1_0_20170110183802977.jpg.chip.jpg,data/aligned_clean/85_1_0_20170110183802977.jpg.chip.jpg
85_1_0_20170110184001159.jpg.chip.jpg,data/aligned_clean/85_1_0_20170110184001159.jpg.chip.jpg
85_1_0_20170110184027031.jpg.chip.jpg,data/aligned_clean/85_1_0_20170110184027031.jpg.chip.jpg
85_1_0_20170110184040927.jpg.chip.jpg,data/aligned_clean/85_1_0_20170110184040927.jpg.chip.jpg
85_1_0_20170110184107806.jpg.chip.jpg,data/aligned_clean/85_1_0_20170110184107806.jpg.chip.jpg
85_1_0_20170111205811953.jpg.chip.jpg,data/aligned_clean/85_1_0_20170111205811953.jpg.chip.jpg
85_1_0_20170120222635457.jpg.chip.jpg,data/aligned_clean/85_1_0_20170120222635457.jpg.chip.jpg
85_1_1_20170110182031363.jpg.chip.jpg,data/aligned_clean/85_1_1_20170110182031363.jpg.chip.jpg
85_1_1_20170110184037971.jpg.chip.jpg,data/aligned_clean/85_1_1_20170110184037971.jpg.chip.jpg
85_1_2_20170110181640900.jpg.chip.jpg,data/aligned_clean/85_1_2_20170110181640900.jpg.chip.jpg
85_1_2_20170110183010789.jpg.chip.jpg,data/aligned_clean/85_1_2_20170110183010789.jpg.chip.jpg
85_1_2_20170110183021416.jpg.chip.jpg,data/aligned_clean/85_1_2_20170110183021416.jpg.chip.jpg
85_1_2_20170110183509553.jpg.chip.jpg,data/aligned_clean/85_1_2_20170110183509553.jpg.chip.jpg
85_1_2_20170110183530796.jpg.chip.jpg,data/aligned_clean/85_1_2_20170110183530796.jpg.chip.jpg
85_1_3_20170110183103000.jpg.chip.jpg,data/aligned_clean/85_1_3_20170110183103000.jpg.chip.jpg
85_1_3_20170110183438488.jpg.chip.jpg,data/aligned_clean/85_1_3_20170110183438488.jpg.chip.jpg
85_1_3_20170110183506044.jpg.chip.jpg,data/aligned_clean/85_1_3_20170110183506044.jpg.chip.jpg
86_0_0_20170111210513628.jpg.chip.jpg,data/aligned_clean/86_0_0_20170111210513628.jpg.chip.jpg
86_0_0_20170111222700442.jpg.chip.jpg,data/aligned_clean/86_0_0_20170111222700442.jpg.chip.jpg
86_0_2_20170111210346308.jpg.chip.jpg,data/aligned_clean/86_0_2_20170111210346308.jpg.chip.jpg
86_0_2_20170112224559130.jpg.chip.jpg,data/aligned_clean/86_0_2_20170112224559130.jpg.chip.jpg
86_0_3_20170111223908826.jpg.chip.jpg,data/aligned_clean/86_0_3_20170111223908826.jpg.chip.jpg
86_1_0_20170110153717173.jpg.chip.jpg,data/aligned_clean/86_1_0_20170110153717173.jpg.chip.jpg
86_1_0_20170110173815028.jpg.chip.jpg,data/aligned_clean/86_1_0_20170110173815028.jpg.chip.jpg
86_1_0_20170110180108013.jpg.chip.jpg,data/aligned_clean/86_1_0_20170110180108013.jpg.chip.jpg
87_0_1_20170117194805270.jpg.chip.jpg,data/aligned_clean/87_0_1_20170117194805270.jpg.chip.jpg
87_1_0_20170110183746742.jpg.chip.jpg,data/aligned_clean/87_1_0_20170110183746742.jpg.chip.jpg
88_0_0_20170111222556305.jpg.chip.jpg,data/aligned_clean/88_0_0_20170111222556305.jpg.chip.jpg
88_1_0_20170110182132120.jpg.chip.jpg,data/aligned_clean/88_1_0_20170110182132120.jpg.chip.jpg
88_1_0_20170110183140329.jpg.chip.jpg,data/aligned_clean/88_1_0_20170110183140329.jpg.chip.jpg
88_1_0_20170110183704246.jpg.chip.jpg,data/aligned_clean/88_1_0_20170110183704246.jpg.chip.jpg
88_1_0_20170120134913783.jpg.chip.jpg,data/aligned_clean/88_1_0_20170120134913783.jpg.chip.jpg
88_1_1_20170110183118502.jpg.chip.jpg,data/aligned_clean/88_1_1_20170110183118502.jpg.chip.jpg
88_1_1_20170116233427954.jpg.chip.jpg,data/aligned_clean/88_1_1_20170116233427954.jpg.chip.jpg
88_1_2_20170110182404089.jpg.chip.jpg,data/aligned_clean/88_1_2_20170110182404089.jpg.chip.jpg
89_0_0_20170111205835604.jpg.chip.jpg,data/aligned_clean/89_0_0_20170111205835604.jpg.chip.jpg
89_0_0_20170111210541562.jpg.chip.jpg,data/aligned_clean/89_0_0_20170111210541562.jpg.chip.jpg
89_1_0_20170110182442099.jpg.chip.jpg,data/aligned_clean/89_1_0_20170110182442099.jpg.chip.jpg
89_1_0_20170110182452888.jpg.chip.jpg,data/aligned_clean/89_1_0_20170110182452888.jpg.chip.jpg
89_1_0_20170110183446677.jpg.chip.jpg,data/aligned_clean/89_1_0_20170110183446677.jpg.chip.jpg
89_1_0_20170110184022572.jpg.chip.jpg,data/aligned_clean/89_1_0_20170110184022572.jpg.chip.jpg
89_1_0_20170120230445570.jpg.chip.jpg,data/aligned_clean/89_1_0_20170120230445570.jpg.chip.jpg
89_1_2_20170110182930160.jpg.chip.jpg,data/aligned_clean/89_1_2_20170110182930160.jpg.chip.jpg
89_1_3_20170110182042731.jpg.chip.jpg,data/aligned_clean/89_1_3_20170110182042731.jpg.chip.jpg
90_0_0_20170111205428761.jpg.chip.jpg,data/aligned_clean/90_0_0_20170111205428761.jpg.chip.jpg
90_0_0_20170111210151491.jpg.chip.jpg,data/aligned_clean/90_0_0_20170111210151491.jpg.chip.jpg
90_0_0_20170111210220723.jpg.chip.jpg,data/aligned_clean/90_0_0_20170111210220723.jpg.chip.jpg
90_0_0_20170111210545876.jpg.chip.jpg,data/aligned_clean/90_0_0_20170111210545876.jpg.chip.jpg
90_0_0_20170111210753614.jpg.chip.jpg,data/aligned_clean/90_0_0_20170111210753614.jpg.chip.jpg
90_0_0_20170111211402785.jpg.chip.jpg,data/aligned_clean/90_0_0_20170111211402785.jpg.chip.jpg
90_0_0_20170111211415063.jpg.chip.jpg,data/aligned_clean/90_0_0_20170111211415063.jpg.chip.jpg
90_0_0_20170111222149759.jpg.chip.jpg,data/aligned_clean/90_0_0_20170111222149759.jpg.chip.jpg
90_0_0_20170111223757607.jpg.chip.jpg,data/aligned_clean/90_0_0_20170111223757607.jpg.chip.jpg
90_0_0_20170111224014347.jpg.chip.jpg,data/aligned_clean/90_0_0_20170111224014347.jpg.chip.jpg
90_0_0_20170117175429276.jpg.chip.jpg,data/aligned_clean/90_0_0_20170117175429276.jpg.chip.jpg
90_0_0_20170120222443834.jpg.chip.jpg,data/aligned_clean/90_0_0_20170120222443834.jpg.chip.jpg
90_0_1_20170111223916765.jpg.chip.jpg,data/aligned_clean/90_0_1_20170111223916765.jpg.chip.jpg
90_0_1_20170117194324750.jpg.chip.jpg,data/aligned_clean/90_0_1_20170117194324750.jpg.chip.jpg
90_0_2_20170111210212331.jpg.chip.jpg,data/aligned_clean/90_0_2_20170111210212331.jpg.chip.jpg
90_0_2_20170111210435708.jpg.chip.jpg,data/aligned_clean/90_0_2_20170111210435708.jpg.chip.jpg
90_0_2_20170111210740854.jpg.chip.jpg,data/aligned_clean/90_0_2_20170111210740854.jpg.chip.jpg
90_0_3_20170111210252274.jpg.chip.jpg,data/aligned_clean/90_0_3_20170111210252274.jpg.chip.jpg
90_1_0_20170110172628748.jpg.chip.jpg,data/aligned_clean/90_1_0_20170110172628748.jpg.chip.jpg
90_1_0_20170110180120743.jpg.chip.jpg,data/aligned_clean/90_1_0_20170110180120743.jpg.chip.jpg
90_1_0_20170110182426286.jpg.chip.jpg,data/aligned_clean/90_1_0_20170110182426286.jpg.chip.jpg
90_1_0_20170110182536477.jpg.chip.jpg,data/aligned_clean/90_1_0_20170110182536477.jpg.chip.jpg
90_1_0_20170110182841384.jpg.chip.jpg,data/aligned_clean/90_1_0_20170110182841384.jpg.chip.jpg
90_1_0_20170110183401767.jpg.chip.jpg,data/aligned_clean/90_1_0_20170110183401767.jpg.chip.jpg
90_1_0_20170110183737626.jpg.chip.jpg,data/aligned_clean/90_1_0_20170110183737626.jpg.chip.jpg
90_1_0_20170120225317689.jpg.chip.jpg,data/aligned_clean/90_1_0_20170120225317689.jpg.chip.jpg
90_1_1_20170117194843274.jpg.chip.jpg,data/aligned_clean/90_1_1_20170117194843274.jpg.chip.jpg
90_1_1_20170117195305990.jpg.chip.jpg,data/aligned_clean/90_1_1_20170117195305990.jpg.chip.jpg
90_1_2_20170110183708997.jpg.chip.jpg,data/aligned_clean/90_1_2_20170110183708997.jpg.chip.jpg
90_1_2_20170111205444634.jpg.chip.jpg,data/aligned_clean/90_1_2_20170111205444634.jpg.chip.jpg
91_0_1_20170117194736477.jpg.chip.jpg,data/aligned_clean/91_0_1_20170117194736477.jpg.chip.jpg
92_1_0_20170110133307879.jpg.chip.jpg,data/aligned_clean/92_1_0_20170110133307879.jpg.chip.jpg
92_1_0_20170110182402526.jpg.chip.jpg,data/aligned_clean/92_1_0_20170110182402526.jpg.chip.jpg
92_1_0_20170110182830022.jpg.chip.jpg,data/aligned_clean/92_1_0_20170110182830022.jpg.chip.jpg
92_1_2_20170110175823500.jpg.chip.jpg,data/aligned_clean/92_1_2_20170110175823500.jpg.chip.jpg
92_1_2_20170110182855209.jpg.chip.jpg,data/aligned_clean/92_1_2_20170110182855209.jpg.chip.jpg
93_1_0_20170110141221528.jpg.chip.jpg,data/aligned_clean/93_1_0_20170110141221528.jpg.chip.jpg
93_1_0_20170120225257592.jpg.chip.jpg,data/aligned_clean/93_1_0_20170120225257592.jpg.chip.jpg
93_1_2_20170110173119858.jpg.chip.jpg,data/aligned_clean/93_1_2_20170110173119858.jpg.chip.jpg
95_1_0_20170120230149594.jpg.chip.jpg,data/aligned_clean/95_1_0_20170120230149594.jpg.chip.jpg
95_1_0_20170120230322267.jpg.chip.jpg,data/aligned_clean/95_1_0_20170120230322267.jpg.chip.jpg
96_1_0_20170110161321170.jpg.chip.jpg,data/aligned_clean/96_1_0_20170110161321170.jpg.chip.jpg
96_1_0_20170110172637082.jpg.chip.jpg,data/aligned_clean/96_1_0_20170110172637082.jpg.chip.jpg
96_1_0_20170110173805290.jpg.chip.jpg,data/aligned_clean/96_1_0_20170110173805290.jpg.chip.jpg
96_1_0_20170110182433943.jpg.chip.jpg,data/aligned_clean/96_1_0_20170110182433943.jpg.chip.jpg
96_1_1_20170117183936388.jpg.chip.jpg,data/aligned_clean/96_1_1_20170117183936388.jpg.chip.jpg
96_1_2_20170110182526540.jpg.chip.jpg,data/aligned_clean/96_1_2_20170110182526540.jpg.chip.jpg
99_0_0_20170117195137161.jpg.chip.jpg,data/aligned_clean/99_0_0_20170117195137161.jpg.chip.jpg
