path,age
data\non_elderly_clean\20_0_1_20170113132355967.jpg.chip.jpg,20
data\non_elderly_clean\20_0_3_20170119150802863.jpg.chip.jpg,20
data\non_elderly_clean\20_1_0_20170103175636647.jpg.chip.jpg,20
data\non_elderly_clean\20_1_0_20170105000707730.jpg.chip.jpg,20
data\non_elderly_clean\20_1_0_20170109212842300.jpg.chip.jpg,20
data\non_elderly_clean\20_1_1_20170112191255227.jpg.chip.jpg,20
data\non_elderly_clean\20_1_1_20170113005339990.jpg.chip.jpg,20
data\non_elderly_clean\20_1_1_20170116215855605.jpg.chip.jpg,20
data\non_elderly_clean\20_1_2_20170109213154546.jpg.chip.jpg,20
data\non_elderly_clean\20_1_3_20170104222031311.jpg.chip.jpg,20
data\non_elderly_clean\20_1_3_20170119153311735.jpg.chip.jpg,20
data\non_elderly_clean\21_0_3_20170104225910065.jpg.chip.jpg,21
data\non_elderly_clean\21_0_4_20161223214826657.jpg.chip.jpg,21
data\non_elderly_clean\21_1_0_20170109214656355.jpg.chip.jpg,21
data\non_elderly_clean\21_1_0_20170112233431458.jpg.chip.jpg,21
data\non_elderly_clean\21_1_1_20170112193015117.jpg.chip.jpg,21
data\non_elderly_clean\21_1_2_20170103201741359.jpg.chip.jpg,21
data\non_elderly_clean\22_0_0_20170117193916436.jpg.chip.jpg,22
data\non_elderly_clean\22_0_2_20170104021111388.jpg.chip.jpg,22
data\non_elderly_clean\22_0_2_20170104021129925.jpg.chip.jpg,22
data\non_elderly_clean\22_0_2_20170116220743409.jpg.chip.jpg,22
data\non_elderly_clean\22_0_3_20170104230122361.jpg.chip.jpg,22
data\non_elderly_clean\22_1_0_20170112233750014.jpg.chip.jpg,22
data\non_elderly_clean\22_1_0_20170116214314602.jpg.chip.jpg,22
data\non_elderly_clean\22_1_0_20170116220646631.jpg.chip.jpg,22
data\non_elderly_clean\22_1_2_20170116165605354.jpg.chip.jpg,22
data\non_elderly_clean\22_1_2_20170116172705545.jpg.chip.jpg,22
data\non_elderly_clean\22_1_2_20170116172719532.jpg.chip.jpg,22
data\non_elderly_clean\22_1_4_20170117143710577.jpg.chip.jpg,22
data\non_elderly_clean\23_0_0_20170117134919191.jpg.chip.jpg,23
data\non_elderly_clean\23_0_0_20170117144406947.jpg.chip.jpg,23
data\non_elderly_clean\23_0_1_20170114033521648.jpg.chip.jpg,23
data\non_elderly_clean\23_0_1_20170116010954423.jpg.chip.jpg,23
data\non_elderly_clean\23_0_3_20170119163856511.jpg.chip.jpg,23
data\non_elderly_clean\23_0_3_20170119164041958.jpg.chip.jpg,23
data\non_elderly_clean\23_1_0_20170116221828462.jpg.chip.jpg,23
data\non_elderly_clean\23_1_1_20170103212737732.jpg.chip.jpg,23
data\non_elderly_clean\23_1_1_20170117013843049.jpg.chip.jpg,23
data\non_elderly_clean\23_1_2_20170116173049386.jpg.chip.jpg,23
data\non_elderly_clean\23_1_2_20170116173106418.jpg.chip.jpg,23
data\non_elderly_clean\23_1_2_20170116173150921.jpg.chip.jpg,23
data\non_elderly_clean\23_1_3_20170117144834977.jpg.chip.jpg,23
data\non_elderly_clean\24_0_0_20170116220755400.jpg.chip.jpg,24
data\non_elderly_clean\24_0_1_20170113151005343.jpg.chip.jpg,24
data\non_elderly_clean\24_0_1_20170116221934149.jpg.chip.jpg,24
data\non_elderly_clean\24_0_2_20170104020029454.jpg.chip.jpg,24
data\non_elderly_clean\24_0_2_20170116165334206.jpg.chip.jpg,24
data\non_elderly_clean\24_0_3_20170117144123778.jpg.chip.jpg,24
data\non_elderly_clean\24_1_0_20170111182452767.jpg.chip.jpg,24
data\non_elderly_clean\24_1_1_20170112204648604.jpg.chip.jpg,24
data\non_elderly_clean\24_1_1_20170113005327119.jpg.chip.jpg,24
data\non_elderly_clean\24_1_2_20170112204741443.jpg.chip.jpg,24
data\non_elderly_clean\24_1_2_20170116163052645.jpg.chip.jpg,24
data\non_elderly_clean\24_1_3_20161220221743058.jpg.chip.jpg,24
data\non_elderly_clean\25_0_0_20170102233320979.jpg.chip.jpg,25
data\non_elderly_clean\25_0_0_20170116200929068.jpg.chip.jpg,25
data\non_elderly_clean\25_0_0_20170117175209600.jpg.chip.jpg,25
data\non_elderly_clean\25_1_0_20170116003458183.jpg.chip.jpg,25
data\non_elderly_clean\25_1_0_20170117141726361.jpg.chip.jpg,25
data\non_elderly_clean\25_1_1_20170112205034330.jpg.chip.jpg,25
data\non_elderly_clean\25_1_2_20170116162532991.jpg.chip.jpg,25
data\non_elderly_clean\26_0_0_20170117144522395.jpg.chip.jpg,26
data\non_elderly_clean\26_0_1_20170116182126537.jpg.chip.jpg,26
data\non_elderly_clean\26_0_3_20170119183851623.jpg.chip.jpg,26
data\non_elderly_clean\26_0_3_20170119184329894.jpg.chip.jpg,26
data\non_elderly_clean\26_1_0_20170103180649464.jpg.chip.jpg,26
data\non_elderly_clean\26_1_3_20170119192124129.jpg.chip.jpg,26
data\non_elderly_clean\26_1_3_20170119192522130.jpg.chip.jpg,26
data\non_elderly_clean\27_0_0_20170104231544105.jpg.chip.jpg,27
data\non_elderly_clean\27_0_0_20170116205604495.jpg.chip.jpg,27
data\non_elderly_clean\27_0_1_20170117010749619.jpg.chip.jpg,27
data\non_elderly_clean\27_0_4_20170104194349352.jpg.chip.jpg,27
data\non_elderly_clean\27_1_1_20170112203947771.jpg.chip.jpg,27
data\non_elderly_clean\27_1_1_20170113001021322.jpg.chip.jpg,27
data\non_elderly_clean\27_1_2_20170104020617357.jpg.chip.jpg,27
data\non_elderly_clean\27_1_3_20170104231620409.jpg.chip.jpg,27
data\non_elderly_clean\28_0_1_20170113134056728.jpg.chip.jpg,28
data\non_elderly_clean\28_0_3_20170104230628769.jpg.chip.jpg,28
data\non_elderly_clean\28_0_3_20170119194808322.jpg.chip.jpg,28
data\non_elderly_clean\28_0_4_20170109002923202.jpg.chip.jpg,28
data\non_elderly_clean\28_0_4_20170117180230348.jpg.chip.jpg,28
data\non_elderly_clean\28_1_1_20170112235036823.jpg.chip.jpg,28
data\non_elderly_clean\28_1_2_20170104021520301.jpg.chip.jpg,28
data\non_elderly_clean\29_0_0_20170117094526002.jpg.chip.jpg,29
data\non_elderly_clean\29_0_0_20170117122016549.jpg.chip.jpg,29
data\non_elderly_clean\29_0_1_20170116002244586.jpg.chip.jpg,29
data\non_elderly_clean\29_0_1_20170116203358423.jpg.chip.jpg,29
data\non_elderly_clean\29_0_2_20170104192909672.jpg.chip.jpg,29
data\non_elderly_clean\29_0_3_20170119195158259.jpg.chip.jpg,29
data\non_elderly_clean\29_0_4_20170117180903787.jpg.chip.jpg,29
data\non_elderly_clean\29_1_1_20170112235043081.jpg.chip.jpg,29
data\non_elderly_clean\29_1_1_20170113005659333.jpg.chip.jpg,29
data\non_elderly_clean\30_0_0_20170117144411849.jpg.chip.jpg,30
data\non_elderly_clean\30_0_0_20170117171825818.jpg.chip.jpg,30
data\non_elderly_clean\30_0_1_20170113133238257.jpg.chip.jpg,30
data\non_elderly_clean\30_0_1_20170113141819444.jpg.chip.jpg,30
data\non_elderly_clean\30_1_0_20170109141417666.jpg.chip.jpg,30
data\non_elderly_clean\30_1_4_20170117194826836.jpg.chip.jpg,30
data\non_elderly_clean\31_0_0_20170117012336960.jpg.chip.jpg,31
data\non_elderly_clean\31_0_3_20170104204851228.jpg.chip.jpg,31
data\non_elderly_clean\31_1_2_20170104020811717.jpg.chip.jpg,31
data\non_elderly_clean\32_0_0_20170117123734515.jpg.chip.jpg,32
data\non_elderly_clean\32_0_1_20170113151013735.jpg.chip.jpg,32
data\non_elderly_clean\32_0_1_20170113152007679.jpg.chip.jpg,32
data\non_elderly_clean\32_0_3_20170119200338100.jpg.chip.jpg,32
data\non_elderly_clean\32_1_0_20170104235611258.jpg.chip.jpg,32
data\non_elderly_clean\32_1_1_20170117134811472.jpg.chip.jpg,32
data\non_elderly_clean\32_1_1_20170120220526706.jpg.chip.jpg,32
data\non_elderly_clean\32_1_2_20170116191622164.jpg.chip.jpg,32
data\non_elderly_clean\33_0_0_20170105165208905.jpg.chip.jpg,33
data\non_elderly_clean\33_0_0_20170109001152301.jpg.chip.jpg,33
data\non_elderly_clean\33_0_0_20170120220056442.jpg.chip.jpg,33
data\non_elderly_clean\33_0_1_20170116215201422.jpg.chip.jpg,33
data\non_elderly_clean\33_1_0_20170103182556882.jpg.chip.jpg,33
data\non_elderly_clean\33_1_0_20170103182622241.jpg.chip.jpg,33
data\non_elderly_clean\33_1_1_20170112235129592.jpg.chip.jpg,33
data\non_elderly_clean\34_0_0_20170117141513036.jpg.chip.jpg,34
data\non_elderly_clean\34_0_1_20170113173036640.jpg.chip.jpg,34
data\non_elderly_clean\34_0_1_20170117140814015.jpg.chip.jpg,34
data\non_elderly_clean\34_0_1_20170117141457492.jpg.chip.jpg,34
data\non_elderly_clean\34_0_1_20170117182640204.jpg.chip.jpg,34
data\non_elderly_clean\34_0_3_20170119200756100.jpg.chip.jpg,34
data\non_elderly_clean\34_0_3_20170119200757565.jpg.chip.jpg,34
data\non_elderly_clean\34_0_4_20170104000728781.jpg.chip.jpg,34
data\non_elderly_clean\34_1_1_20170113005245917.jpg.chip.jpg,34
data\non_elderly_clean\35_0_0_20170117120442763.jpg.chip.jpg,35
data\non_elderly_clean\35_0_0_20170117172131883.jpg.chip.jpg,35
data\non_elderly_clean\35_1_0_20170116201420399.jpg.chip.jpg,35
data\non_elderly_clean\35_1_4_20170117194818924.jpg.chip.jpg,35
data\non_elderly_clean\36_0_0_20170116002809469.jpg.chip.jpg,36
data\non_elderly_clean\36_0_1_20170115205919771.jpg.chip.jpg,36
data\non_elderly_clean\36_0_1_20170116191931354.jpg.chip.jpg,36
data\non_elderly_clean\36_0_1_20170119183437846.jpg.chip.jpg,36
data\non_elderly_clean\36_0_1_20170120221302965.jpg.chip.jpg,36
data\non_elderly_clean\36_0_3_20170119201805435.jpg.chip.jpg,36
data\non_elderly_clean\36_0_4_20170104000906228.jpg.chip.jpg,36
data\non_elderly_clean\36_1_0_20170103182902892.jpg.chip.jpg,36
data\non_elderly_clean\36_1_3_20170109141816261.jpg.chip.jpg,36
data\non_elderly_clean\36_1_4_20170105001244316.jpg.chip.jpg,36
data\non_elderly_clean\37_0_0_20170117140720825.jpg.chip.jpg,37
data\non_elderly_clean\37_0_0_20170117164409579.jpg.chip.jpg,37
data\non_elderly_clean\37_0_0_20170119202220220.jpg.chip.jpg,37
data\non_elderly_clean\37_0_1_20170117140332549.jpg.chip.jpg,37
data\non_elderly_clean\37_0_1_20170117164236409.jpg.chip.jpg,37
data\non_elderly_clean\37_0_3_20170119193244666.jpg.chip.jpg,37
data\non_elderly_clean\37_0_3_20170119194717603.jpg.chip.jpg,37
data\non_elderly_clean\37_0_3_20170119202304167.jpg.chip.jpg,37
data\non_elderly_clean\37_1_1_20170115235037275.jpg.chip.jpg,37
data\non_elderly_clean\38_0_1_20170113151753966.jpg.chip.jpg,38
data\non_elderly_clean\38_0_1_20170117012906285.jpg.chip.jpg,38
data\non_elderly_clean\38_0_2_20170104205949499.jpg.chip.jpg,38
data\non_elderly_clean\38_1_0_20170104002144725.jpg.chip.jpg,38
data\non_elderly_clean\38_1_0_20170104202430130.jpg.chip.jpg,38
data\non_elderly_clean\38_1_1_20170113010502255.jpg.chip.jpg,38
data\non_elderly_clean\38_1_2_20170116162028800.jpg.chip.jpg,38
data\non_elderly_clean\39_0_1_20170113135606217.jpg.chip.jpg,39
data\non_elderly_clean\39_1_1_20170112234541208.jpg.chip.jpg,39
data\non_elderly_clean\40_0_0_20170117133829948.jpg.chip.jpg,40
data\non_elderly_clean\40_0_0_20170117134415492.jpg.chip.jpg,40
data\non_elderly_clean\40_0_4_20170104201550378.jpg.chip.jpg,40
data\non_elderly_clean\40_1_1_20170113001728994.jpg.chip.jpg,40
data\non_elderly_clean\40_1_1_20170113012546137.jpg.chip.jpg,40
data\non_elderly_clean\41_0_0_20170117154648336.jpg.chip.jpg,41
data\non_elderly_clean\41_0_0_20170117185342291.jpg.chip.jpg,41
data\non_elderly_clean\41_0_3_20170119211820393.jpg.chip.jpg,41
data\non_elderly_clean\41_0_4_20170104205417148.jpg.chip.jpg,41
data\non_elderly_clean\41_1_1_20170117140906983.jpg.chip.jpg,41
data\non_elderly_clean\41_1_4_20170116001848468.jpg.chip.jpg,41
data\non_elderly_clean\42_0_0_20170117154747738.jpg.chip.jpg,42
data\non_elderly_clean\42_0_0_20170117185752122.jpg.chip.jpg,42
data\non_elderly_clean\42_0_0_20170117185753668.jpg.chip.jpg,42
data\non_elderly_clean\42_0_1_20170113184519863.jpg.chip.jpg,42
data\non_elderly_clean\42_0_1_20170117171459684.jpg.chip.jpg,42
data\non_elderly_clean\42_0_2_20170116192551178.jpg.chip.jpg,42
data\non_elderly_clean\42_1_0_20170103182957410.jpg.chip.jpg,42
data\non_elderly_clean\42_1_0_20170110124244590.jpg.chip.jpg,42
data\non_elderly_clean\42_1_0_20170117204000071.jpg.chip.jpg,42
data\non_elderly_clean\42_1_1_20170113000652498.jpg.chip.jpg,42
data\non_elderly_clean\43_0_0_20170104204616830.jpg.chip.jpg,43
data\non_elderly_clean\43_0_0_20170108224844372.jpg.chip.jpg,43
data\non_elderly_clean\43_0_0_20170117153817367.jpg.chip.jpg,43
data\non_elderly_clean\43_0_1_20170111194850581.jpg.chip.jpg,43
data\non_elderly_clean\43_0_1_20170116210444779.jpg.chip.jpg,43
data\non_elderly_clean\43_0_1_20170117191927113.jpg.chip.jpg,43
data\non_elderly_clean\43_0_3_20170119180619699.jpg.chip.jpg,43
data\non_elderly_clean\43_1_0_20170105173019341.jpg.chip.jpg,43
data\non_elderly_clean\43_1_0_20170117155107368.jpg.chip.jpg,43
data\non_elderly_clean\43_1_3_20170119204701135.jpg.chip.jpg,43
data\non_elderly_clean\44_0_0_20170105172858549.jpg.chip.jpg,44
data\non_elderly_clean\44_0_1_20170111181750405.jpg.chip.jpg,44
data\non_elderly_clean\44_0_1_20170116010013473.jpg.chip.jpg,44
data\non_elderly_clean\44_0_3_20170119165437319.jpg.chip.jpg,44
data\non_elderly_clean\44_1_0_20170117190014098.jpg.chip.jpg,44
data\non_elderly_clean\44_1_1_20170113001952364.jpg.chip.jpg,44
data\non_elderly_clean\44_1_1_20170113011544238.jpg.chip.jpg,44
data\non_elderly_clean\45_0_0_20170111181750431.jpg.chip.jpg,45
data\non_elderly_clean\45_0_0_20170116235729518.jpg.chip.jpg,45
data\non_elderly_clean\45_0_0_20170117182204430.jpg.chip.jpg,45
data\non_elderly_clean\45_0_0_20170117204039713.jpg.chip.jpg,45
data\non_elderly_clean\45_0_1_20170111170148435.jpg.chip.jpg,45
data\non_elderly_clean\45_0_3_20170119201227781.jpg.chip.jpg,45
data\non_elderly_clean\45_0_3_20170119202044372.jpg.chip.jpg,45
data\non_elderly_clean\45_0_4_20170117201123717.jpg.chip.jpg,45
data\non_elderly_clean\45_1_0_20170103183902347.jpg.chip.jpg,45
data\non_elderly_clean\46_0_0_20170113181514861.jpg.chip.jpg,46
data\non_elderly_clean\46_0_1_20170113141909603.jpg.chip.jpg,46
data\non_elderly_clean\46_0_1_20170113142208515.jpg.chip.jpg,46
data\non_elderly_clean\46_0_1_20170113151900392.jpg.chip.jpg,46
data\non_elderly_clean\46_0_1_20170117185815162.jpg.chip.jpg,46
data\non_elderly_clean\46_1_0_20170110143242639.jpg.chip.jpg,46
data\non_elderly_clean\46_1_1_20170112220304903.jpg.chip.jpg,46
data\non_elderly_clean\46_1_1_20170116001928205.jpg.chip.jpg,46
data\non_elderly_clean\47_0_0_20170117204124336.jpg.chip.jpg,47
data\non_elderly_clean\47_0_1_20170117171504577.jpg.chip.jpg,47
data\non_elderly_clean\47_0_1_20170117172015693.jpg.chip.jpg,47
data\non_elderly_clean\47_0_2_20170116184928912.jpg.chip.jpg,47
data\non_elderly_clean\47_0_3_20170119202123349.jpg.chip.jpg,47
data\non_elderly_clean\47_1_0_20170104184430669.jpg.chip.jpg,47
data\non_elderly_clean\47_1_0_20170119205252879.jpg.chip.jpg,47
data\non_elderly_clean\48_0_0_20170105172432012.jpg.chip.jpg,48
data\non_elderly_clean\48_0_1_20170117172159893.jpg.chip.jpg,48
data\non_elderly_clean\48_0_1_20170117173143196.jpg.chip.jpg,48
data\non_elderly_clean\48_0_3_20170119201847821.jpg.chip.jpg,48
data\non_elderly_clean\48_0_3_20170119205336640.jpg.chip.jpg,48
data\non_elderly_clean\48_1_0_20170110125249128.jpg.chip.jpg,48
data\non_elderly_clean\48_1_0_20170110152853674.jpg.chip.jpg,48
data\non_elderly_clean\48_1_1_20170117131013277.jpg.chip.jpg,48
data\non_elderly_clean\49_0_0_20170117190513467.jpg.chip.jpg,49
data\non_elderly_clean\49_0_0_20170119202355566.jpg.chip.jpg,49
data\non_elderly_clean\49_0_1_20170117180355439.jpg.chip.jpg,49
data\non_elderly_clean\49_0_3_20170117130537950.jpg.chip.jpg,49
data\non_elderly_clean\49_0_3_20170119201605981.jpg.chip.jpg,49
data\non_elderly_clean\49_1_0_20170104192623743.jpg.chip.jpg,49
data\non_elderly_clean\49_1_0_20170109220421978.jpg.chip.jpg,49
data\non_elderly_clean\49_1_3_20170109141445294.jpg.chip.jpg,49
data\non_elderly_clean\50_0_0_20170111171747301.jpg.chip.jpg,50
data\non_elderly_clean\50_0_0_20170117144652339.jpg.chip.jpg,50
data\non_elderly_clean\50_0_0_20170117154624362.jpg.chip.jpg,50
data\non_elderly_clean\50_0_0_20170120221659635.jpg.chip.jpg,50
data\non_elderly_clean\50_0_0_20170120222751913.jpg.chip.jpg,50
data\non_elderly_clean\50_0_1_20170113142324284.jpg.chip.jpg,50
data\non_elderly_clean\50_0_1_20170113184607014.jpg.chip.jpg,50
data\non_elderly_clean\50_0_1_20170117173418899.jpg.chip.jpg,50
data\non_elderly_clean\50_0_2_20170119205049471.jpg.chip.jpg,50
data\non_elderly_clean\50_0_3_20170117154534254.jpg.chip.jpg,50
data\non_elderly_clean\50_0_3_20170119202107229.jpg.chip.jpg,50
data\non_elderly_clean\50_0_3_20170119205521664.jpg.chip.jpg,50
data\non_elderly_clean\50_1_0_20170109220459927.jpg.chip.jpg,50
data\non_elderly_clean\50_1_0_20170110151434231.jpg.chip.jpg,50
data\non_elderly_clean\50_1_4_20170117203355296.jpg.chip.jpg,50
data\non_elderly_clean\51_0_0_20170104211553436.jpg.chip.jpg,51
data\non_elderly_clean\51_0_0_20170104211815983.jpg.chip.jpg,51
data\non_elderly_clean\51_0_0_20170111181750489.jpg.chip.jpg,51
data\non_elderly_clean\51_0_0_20170111181750495.jpg.chip.jpg,51
data\non_elderly_clean\51_0_0_20170117160754830.jpg.chip.jpg,51
data\non_elderly_clean\51_0_0_20170117160756480.jpg.chip.jpg,51
data\non_elderly_clean\51_0_1_20170113142040362.jpg.chip.jpg,51
data\non_elderly_clean\51_0_1_20170113173639578.jpg.chip.jpg,51
data\non_elderly_clean\51_0_1_20170113174654644.jpg.chip.jpg,51
data\non_elderly_clean\51_0_1_20170117141120750.jpg.chip.jpg,51
data\non_elderly_clean\51_0_3_20170119200305083.jpg.chip.jpg,51
data\non_elderly_clean\51_0_4_20170104210348196.jpg.chip.jpg,51
data\non_elderly_clean\51_1_0_20170110153411621.jpg.chip.jpg,51
data\non_elderly_clean\51_1_0_20170117190830626.jpg.chip.jpg,51
data\non_elderly_clean\51_1_1_20170115235508848.jpg.chip.jpg,51
data\non_elderly_clean\51_1_3_20170105001344652.jpg.chip.jpg,51
data\non_elderly_clean\51_1_3_20170109142417013.jpg.chip.jpg,51
data\non_elderly_clean\52_0_0_20170104212848023.jpg.chip.jpg,52
data\non_elderly_clean\52_0_0_20170111194922232.jpg.chip.jpg,52
data\non_elderly_clean\52_0_0_20170111195726274.jpg.chip.jpg,52
data\non_elderly_clean\52_0_0_20170111201135454.jpg.chip.jpg,52
data\non_elderly_clean\52_0_0_20170117161015463.jpg.chip.jpg,52
data\non_elderly_clean\52_0_0_20170117190847091.jpg.chip.jpg,52
data\non_elderly_clean\52_0_3_20170104202143258.jpg.chip.jpg,52
data\non_elderly_clean\52_0_3_20170113184200775.jpg.chip.jpg,52
data\non_elderly_clean\52_0_4_20170111201929576.jpg.chip.jpg,52
data\non_elderly_clean\52_1_0_20170103163702176.jpg.chip.jpg,52
data\non_elderly_clean\52_1_0_20170104210704511.jpg.chip.jpg,52
data\non_elderly_clean\52_1_0_20170110122705423.jpg.chip.jpg,52
data\non_elderly_clean\52_1_0_20170110151342799.jpg.chip.jpg,52
data\non_elderly_clean\52_1_1_20170105003356704.jpg.chip.jpg,52
data\non_elderly_clean\52_1_1_20170113012640929.jpg.chip.jpg,52
data\non_elderly_clean\53_0_0_20170111171747402.jpg.chip.jpg,53
data\non_elderly_clean\53_0_0_20170111205031079.jpg.chip.jpg,53
data\non_elderly_clean\53_0_0_20170117163654249.jpg.chip.jpg,53
data\non_elderly_clean\53_0_1_20170120223004304.jpg.chip.jpg,53
data\non_elderly_clean\53_0_3_20170117171834099.jpg.chip.jpg,53
data\non_elderly_clean\53_0_3_20170119205832000.jpg.chip.jpg,53
data\non_elderly_clean\53_1_0_20170109221042561.jpg.chip.jpg,53
data\non_elderly_clean\53_1_0_20170110143325963.jpg.chip.jpg,53
data\non_elderly_clean\53_1_0_20170110160643266.jpg.chip.jpg,53
data\non_elderly_clean\53_1_0_20170117191014323.jpg.chip.jpg,53
data\non_elderly_clean\54_0_0_20170104213140733.jpg.chip.jpg,54
data\non_elderly_clean\54_0_0_20170111171747438.jpg.chip.jpg,54
data\non_elderly_clean\54_0_0_20170113210318996.jpg.chip.jpg,54
data\non_elderly_clean\54_0_0_20170117190339460.jpg.chip.jpg,54
data\non_elderly_clean\54_0_0_20170120223347588.jpg.chip.jpg,54
data\non_elderly_clean\54_0_0_20170120223520757.jpg.chip.jpg,54
data\non_elderly_clean\54_0_1_20170117173717615.jpg.chip.jpg,54
data\non_elderly_clean\54_0_2_20170111171747443.jpg.chip.jpg,54
data\non_elderly_clean\54_0_3_20170119210122240.jpg.chip.jpg,54
data\non_elderly_clean\54_0_3_20170119210123256.jpg.chip.jpg,54
data\non_elderly_clean\54_1_0_20170104235238436.jpg.chip.jpg,54
data\non_elderly_clean\54_1_0_20170110122231385.jpg.chip.jpg,54
data\non_elderly_clean\55_0_0_20170111201201679.jpg.chip.jpg,55
data\non_elderly_clean\55_0_0_20170117135302098.jpg.chip.jpg,55
data\non_elderly_clean\55_0_0_20170117185717337.jpg.chip.jpg,55
data\non_elderly_clean\55_0_0_20170117190606570.jpg.chip.jpg,55
data\non_elderly_clean\55_0_0_20170117190748017.jpg.chip.jpg,55
data\non_elderly_clean\55_0_0_20170117204213768.jpg.chip.jpg,55
data\non_elderly_clean\55_0_1_20170117180249950.jpg.chip.jpg,55
data\non_elderly_clean\55_0_4_20170117203246215.jpg.chip.jpg,55
data\non_elderly_clean\55_1_0_20170110160643360.jpg.chip.jpg,55
data\non_elderly_clean\55_1_0_20170110160643438.jpg.chip.jpg,55
data\non_elderly_clean\56_0_0_20170111194856535.jpg.chip.jpg,56
data\non_elderly_clean\56_0_0_20170111200016066.jpg.chip.jpg,56
data\non_elderly_clean\56_0_0_20170111204518142.jpg.chip.jpg,56
data\non_elderly_clean\56_0_3_20170109142456550.jpg.chip.jpg,56
data\non_elderly_clean\56_1_0_20170104212444956.jpg.chip.jpg,56
data\non_elderly_clean\56_1_0_20170110141434080.jpg.chip.jpg,56
data\non_elderly_clean\56_1_0_20170110141656511.jpg.chip.jpg,56
data\non_elderly_clean\56_1_0_20170110180113129.jpg.chip.jpg,56
data\non_elderly_clean\56_1_3_20170109142113189.jpg.chip.jpg,56
data\non_elderly_clean\57_0_0_20170111171747492.jpg.chip.jpg,57
data\non_elderly_clean\57_0_1_20170111203322229.jpg.chip.jpg,57
data\non_elderly_clean\57_0_1_20170117141704960.jpg.chip.jpg,57
data\non_elderly_clean\57_1_0_20170109220740803.jpg.chip.jpg,57
data\non_elderly_clean\57_1_0_20170110120935648.jpg.chip.jpg,57
data\non_elderly_clean\57_1_0_20170110122411678.jpg.chip.jpg,57
data\non_elderly_clean\57_1_0_20170110154547015.jpg.chip.jpg,57
data\non_elderly_clean\57_1_0_20170110160643579.jpg.chip.jpg,57
data\non_elderly_clean\57_1_0_20170120133336768.jpg.chip.jpg,57
data\non_elderly_clean\57_1_2_20170109002542575.jpg.chip.jpg,57
data\non_elderly_clean\58_0_0_20170104213209283.jpg.chip.jpg,58
data\non_elderly_clean\58_0_0_20170111205913082.jpg.chip.jpg,58
data\non_elderly_clean\58_0_0_20170111210633610.jpg.chip.jpg,58
data\non_elderly_clean\58_0_0_20170113185339857.jpg.chip.jpg,58
data\non_elderly_clean\58_0_0_20170117191901524.jpg.chip.jpg,58
data\non_elderly_clean\58_0_0_20170117193308276.jpg.chip.jpg,58
data\non_elderly_clean\58_0_0_20170117193904073.jpg.chip.jpg,58
data\non_elderly_clean\58_0_0_20170117193913647.jpg.chip.jpg,58
data\non_elderly_clean\58_0_0_20170120224549744.jpg.chip.jpg,58
data\non_elderly_clean\58_0_0_20170120224601232.jpg.chip.jpg,58
data\non_elderly_clean\58_0_0_20170120224606727.jpg.chip.jpg,58
data\non_elderly_clean\58_0_1_20170111210843429.jpg.chip.jpg,58
data\non_elderly_clean\58_0_1_20170117182453919.jpg.chip.jpg,58
data\non_elderly_clean\58_0_3_20170119211545409.jpg.chip.jpg,58
data\non_elderly_clean\58_1_1_20170117194028702.jpg.chip.jpg,58
data\non_elderly_clean\59_0_0_20170104210317787.jpg.chip.jpg,59
data\non_elderly_clean\59_0_0_20170104211855508.jpg.chip.jpg,59
data\non_elderly_clean\59_0_0_20170111195403793.jpg.chip.jpg,59
data\non_elderly_clean\59_0_0_20170111205324096.jpg.chip.jpg,59
data\non_elderly_clean\59_0_0_20170117195223638.jpg.chip.jpg,59
data\non_elderly_clean\59_0_1_20170111171747518.jpg.chip.jpg,59
data\non_elderly_clean\59_0_1_20170113152816239.jpg.chip.jpg,59
data\non_elderly_clean\59_0_2_20170109012736672.jpg.chip.jpg,59
data\non_elderly_clean\59_1_0_20170110123116580.jpg.chip.jpg,59
data\non_elderly_clean\59_1_0_20170110132107674.jpg.chip.jpg,59
data\non_elderly_clean\59_1_0_20170110141359968.jpg.chip.jpg,59
data\non_elderly_clean\59_1_0_20170110141807087.jpg.chip.jpg,59
data\non_elderly_clean\59_1_3_20170109142030313.jpg.chip.jpg,59
